team,year,conference,wins,games,points_for,points_against,conf_wins,conf_games,close_wins,close_games,losses,win_pct,avg_point_diff,conf_win_pct,close_win_pct,point_diff_total,sos
Air Force Falcons,2015,17,6,12,390,347,6.0,9,2.0,3,6,0.5,3.5833333333333335,0.6666666666666666,0.6666666666666666,43,0.5207584082584082
Air Force Falcons,2016,17,8,11,389,308,5.0,8,4.0,6,3,0.7272727272727273,7.363636363636363,0.625,0.6666666666666666,81,0.4096418732782369
Air Force Falcons,2017,17,4,10,315,368,4.0,8,3.0,5,6,0.4,-5.3,0.5,0.6,-53,0.52497668997669
Air Force Falcons,2018,17,4,9,284,259,3.0,8,1.0,3,5,0.4444444444444444,2.7777777777777777,0.375,0.3333333333333333,25,0.42166105499438833
Air Force Falcons,2019,17,9,11,378,238,7.0,8,1.0,1,2,0.8181818181818182,12.727272727272727,0.875,1.0,140,0.4612947658402204
Air Force Falcons,2020,17,3,5,139,80,2.0,4,0.0,0,2,0.6,11.8,0.5,0.0,59,0.5071428571428571
Air Force Falcons,2021,17,8,10,323,215,6.0,8,3.0,5,2,0.8,10.8,0.75,0.6,108,0.447020202020202
Air Force Falcons,2022,17,8,11,301,150,5.0,8,1.0,4,3,0.7272727272727273,13.727272727272727,0.625,0.25,151,0.3733241505968779
Air Force Falcons,2023,17,7,10,304,203,5.0,8,1.0,2,3,0.7,10.1,0.625,0.5,101,0.476017871017871
Air Force Falcons,2024,17,4,11,206,273,3.0,7,1.0,1,7,0.36363636363636365,-6.090909090909091,0.42857142857142855,1.0,-67,0.45991735537190087
Air Force Falcons,2025,17,3,10,293,325,3.0,8,1.0,4,7,0.3,-3.2,0.375,0.25,-32,0.49696969696969695
Akron Zips,2015,15,7,12,259,270,5.0,8,2.0,3,5,0.5833333333333334,-0.9166666666666666,0.625,0.6666666666666666,-11,0.4164002664002664
Akron Zips,2016,15,3,10,217,341,3.0,8,1.0,3,7,0.3,-12.4,0.375,0.3333333333333333,-124,0.506998001998002
Akron Zips,2017,15,6,12,255,339,6.0,9,3.0,4,6,0.5,-7.0,0.6666666666666666,0.75,-84,0.5024637399637399
Akron Zips,2018,15,3,11,186,319,2.0,8,3.0,3,8,0.2727272727272727,-12.090909090909092,0.25,1.0,-133,0.46941089213816484
Akron Zips,2019,15,0,10,77,367,0.0,8,0.0,1,10,0.0,-29.0,0.0,0.0,-290,0.45479797979797976
Akron Zips,2020,15,1,6,103,248,1.0,6,0.0,0,5,0.16666666666666666,-24.166666666666668,0.16666666666666666,0.0,-145,0.5972222222222222
Akron Zips,2021,15,1,11,203,460,1.0,8,0.0,2,10,0.09090909090909091,-23.363636363636363,0.125,0.0,-257,0.42310517765063216
Akron Zips,2022,15,1,10,219,358,1.0,8,0.0,5,9,0.1,-13.9,0.125,0.0,-139,0.4916666666666667
Akron Zips,2023,15,1,11,171,315,1.0,8,1.0,6,10,0.09090909090909091,-13.090909090909092,0.125,0.16666666666666666,-144,0.41749311294765845
Akron Zips,2024,15,3,11,214,364,3.0,8,2.0,3,8,0.2727272727272727,-13.636363636363637,0.375,0.6666666666666666,-150,0.5171717171717172
Akron Zips,2025,15,4,11,216,322,4.0,8,2.0,4,7,0.36363636363636365,-9.636363636363637,0.5,0.5,-106,0.3493960584869676
Alabama Crimson Tide,2015,8,12,13,433,211,8.0,9,2.0,3,1,0.9230769230769231,17.076923076923077,0.8888888888888888,0.6666666666666666,222,0.6475012167319859
Alabama Crimson Tide,2016,8,12,13,513,182,9.0,9,1.0,2,1,0.9230769230769231,25.46153846153846,1.0,0.5,331,0.5784753707830631
Alabama Crimson Tide,2017,8,12,13,463,167,8.0,9,2.0,2,1,0.9230769230769231,22.76923076923077,0.8888888888888888,1.0,296,0.5282648974956667
Alabama Crimson Tide,2018,8,13,14,634,254,9.0,9,1.0,1,1,0.9285714285714286,27.142857142857142,1.0,1.0,380,0.5151154401154401
Alabama Crimson Tide,2019,8,8,10,437,222,6.0,8,0.0,2,2,0.8,21.5,0.75,0.0,215,0.46818181818181814
Alabama Crimson Tide,2020,8,13,13,630,252,11.0,11,1.0,1,0,1.0,29.076923076923077,1.0,1.0,378,0.5798951048951049
Alabama Crimson Tide,2021,8,10,12,428,271,8.0,10,4.0,5,2,0.8333333333333334,13.083333333333334,0.8,0.8,157,0.6216491841491841
Alabama Crimson Tide,2022,8,10,12,500,236,6.0,8,3.0,5,2,0.8333333333333334,22.0,0.75,0.6,264,0.5241064491064491
Alabama Crimson Tide,2023,8,10,12,354,249,9.0,9,4.0,5,2,0.8333333333333334,8.75,1.0,0.8,105,0.6200688200688201
Alabama Crimson Tide,2024,8,7,11,324,219,5.0,8,2.0,5,4,0.6363636363636364,9.545454545454545,0.625,0.4,105,0.5786713286713286
Alabama Crimson Tide,2025,8,10,14,387,288,8.0,10,4.0,5,4,0.7142857142857143,7.071428571428571,0.8,0.8,99,0.5602730602730602
App State Mountaineers,2024,37,4,10,255,352,3.0,8,2.0,2,6,0.4,-9.7,0.375,1.0,-97,0.5498368298368298
App State Mountaineers,2025,37,4,12,294,374,2.0,9,2.0,5,8,0.3333333333333333,-6.666666666666667,0.2222222222222222,0.4,-80,0.4233164983164983
Appalachian State Mountaineers,2015,37,9,11,379,248,7.0,8,3.0,3,2,0.8181818181818182,11.909090909090908,0.875,1.0,131,0.44383343928798474
Appalachian State Mountaineers,2016,37,9,12,349,225,7.0,8,2.0,4,3,0.75,10.333333333333334,0.875,0.5,124,0.44974747474747473
Appalachian State Mountaineers,2017,37,8,11,354,226,7.0,8,2.0,4,3,0.7272727272727273,11.636363636363637,0.875,0.5,128,0.43904782086600264
Appalachian State Mountaineers,2018,37,8,10,323,172,8.0,9,0.0,1,2,0.8,15.1,0.8888888888888888,0.0,151,0.4251398601398601
Appalachian State Mountaineers,2019,37,10,11,414,215,8.0,9,3.0,4,1,0.9090909090909091,18.09090909090909,0.8888888888888888,0.75,199,0.4157024793388429
Appalachian State Mountaineers,2020,37,6,8,256,154,6.0,8,1.0,2,2,0.75,12.75,0.75,0.5,102,0.48412698412698413
Appalachian State Mountaineers,2021,37,8,11,370,211,7.0,9,1.0,2,3,0.7272727272727273,14.454545454545455,0.7777777777777778,0.5,159,0.4967860422405877
Appalachian State Mountaineers,2022,37,4,10,328,318,3.0,8,2.0,7,6,0.4,1.0,0.375,0.2857142857142857,10,0.4852525252525252
Appalachian State Mountaineers,2023,37,8,13,420,354,6.0,9,3.0,7,5,0.6153846153846154,5.076923076923077,0.6666666666666666,0.42857142857142855,66,0.4773892773892774
Arizona State Sun Devils,2015,9,5,12,415,414,4.0,9,0.0,3,7,0.4166666666666667,0.08333333333333333,0.4444444444444444,0.0,1,0.5645396270396271
Arizona State Sun Devils,2016,9,3,10,324,437,2.0,9,1.0,2,7,0.3,-11.3,0.2222222222222222,0.5,-113,0.5053613053613054
Arizona State Sun Devils,2017,9,7,13,414,427,6.0,9,3.0,5,6,0.5384615384615384,-1.0,0.6666666666666666,0.6,-13,0.5268154922001076
Arizona State Sun Devils,2018,9,6,12,340,325,5.0,9,4.0,9,6,0.5,1.25,0.5555555555555556,0.4444444444444444,15,0.5073038073038073
Arizona State Sun Devils,2019,9,7,12,303,284,4.0,9,5.0,8,5,0.5833333333333334,1.5833333333333333,0.4444444444444444,0.625,19,0.5061674436674436
Arizona State Sun Devils,2020,9,2,4,161,93,2.0,4,0.0,2,2,0.5,17.0,0.5,0.0,68,0.3869047619047619
Arizona State Sun Devils,2021,9,7,11,311,230,6.0,9,1.0,2,4,0.6363636363636364,7.363636363636363,0.6666666666666666,0.5,81,0.43622589531680445
Arizona State Sun Devils,2022,9,2,11,273,374,2.0,9,1.0,3,9,0.18181818181818182,-9.181818181818182,0.2222222222222222,0.3333333333333333,-101,0.5351592851592851
Arizona State Sun Devils,2023,9,2,11,189,361,2.0,9,0.0,2,9,0.18181818181818182,-15.636363636363637,0.2222222222222222,0.0,-172,0.6154164017800382
Arizona State Sun Devils,2024,4,11,14,461,316,8.0,10,5.0,5,3,0.7857142857142857,10.357142857142858,0.8,1.0,145,0.45140068265068267
Arizona State Sun Devils,2025,4,7,12,297,299,6.0,9,5.0,7,5,0.5833333333333334,-0.16666666666666666,0.6666666666666666,0.7142857142857143,-2,0.5597804972804973
Arizona Wildcats,2015,9,5,11,367,420,3.0,9,2.0,3,6,0.45454545454545453,-4.818181818181818,0.3333333333333333,0.6666666666666666,-53,0.5233630006357278
Arizona Wildcats,2016,9,2,10,250,421,1.0,9,0.0,1,8,0.2,-17.1,0.1111111111111111,0.0,-171,0.5527855477855478
Arizona Wildcats,2017,9,5,11,412,407,5.0,9,2.0,5,6,0.45454545454545453,0.45454545454545453,0.5555555555555556,0.4,5,0.4798686162322526
Arizona Wildcats,2018,9,4,10,291,332,4.0,9,1.0,4,6,0.4,-4.1,0.4444444444444444,0.25,-41,0.4796969696969697
Arizona Wildcats,2019,9,3,11,258,388,2.0,9,2.0,3,8,0.2727272727272727,-11.818181818181818,0.2222222222222222,0.6666666666666666,-130,0.5193473193473194
Arizona Wildcats,2020,9,0,5,87,199,0.0,5,0.0,1,5,0.0,-22.4,0.0,0.0,-112,0.6357142857142858
Arizona Wildcats,2021,9,1,10,171,332,1.0,9,1.0,3,9,0.1,-16.1,0.1111111111111111,0.3333333333333333,-161,0.5508974358974359
Arizona Wildcats,2022,9,4,11,339,410,3.0,9,2.0,2,7,0.36363636363636365,-6.454545454545454,0.3333333333333333,1.0,-71,0.5406230133502861
Arizona Wildcats,2023,9,8,11,381,261,7.0,9,3.0,6,3,0.7272727272727273,10.909090909090908,0.7777777777777778,0.5,120,0.519516846789574
Arizona Wildcats,2024,4,3,11,239,371,2.0,10,0.0,2,8,0.2727272727272727,-12.0,0.2,0.0,-132,0.5378197560015742
Arizona Wildcats,2025,4,8,12,362,248,7.0,10,3.0,6,4,0.6666666666666666,9.5,0.7,0.5,114,0.49601787101787104
Arkansas Razorbacks,2015,8,6,11,356,315,5.0,8,2.0,5,5,0.5454545454545454,3.727272727272727,0.625,0.4,41,0.6007204916295825
Arkansas Razorbacks,2016,8,5,11,321,374,3.0,8,2.0,3,6,0.45454545454545453,-4.818181818181818,0.375,0.6666666666666666,-53,0.502373384191566
Arkansas Razorbacks,2017,8,3,11,296,427,1.0,8,2.0,5,8,0.2727272727272727,-11.909090909090908,0.125,0.4,-131,0.5866638412092957
Arkansas Razorbacks,2018,8,1,10,188,353,0.0,8,0.0,4,9,0.1,-16.5,0.0,0.0,-165,0.5111904761904762
Arkansas Razorbacks,2019,8,1,10,218,384,0.0,8,0.0,3,9,0.1,-16.6,0.0,0.0,-166,0.5186363636363637
Arkansas Razorbacks,2020,8,3,10,257,349,3.0,10,1.0,4,7,0.3,-9.2,0.3,0.25,-92,0.6075757575757577
Arkansas Razorbacks,2021,8,7,11,319,278,4.0,8,2.0,4,4,0.6363636363636364,3.727272727272727,0.5,0.5,41,0.535798544889454
Arkansas Razorbacks,2022,8,5,10,314,315,3.0,8,2.0,5,5,0.5,-0.1,0.375,0.4,-1,0.5333333333333333
Arkansas Razorbacks,2023,8,2,10,219,302,1.0,8,1.0,6,8,0.2,-8.3,0.125,0.16666666666666666,-83,0.5139393939393939
Arkansas Razorbacks,2024,8,5,11,297,311,3.0,8,1.0,3,6,0.45454545454545453,-1.2727272727272727,0.375,0.3333333333333333,-14,0.5081611570247934
Arkansas Razorbacks,2025,8,1,10,330,343,0.0,8,0.0,6,9,0.1,-1.3,0.0,0.0,-13,0.5711688311688312
Arkansas State Red Wolves,2015,37,8,11,422,339,8.0,8,0.0,1,3,0.7272727272727273,7.545454545454546,1.0,0.0,83,0.4186162322525959
Arkansas State Red Wolves,2016,37,8,12,332,251,7.0,8,1.0,2,4,0.6666666666666666,6.75,0.875,0.5,81,0.3811868686868687
Arkansas State Red Wolves,2017,37,6,10,376,271,6.0,8,0.0,3,4,0.6,10.5,0.75,0.0,105,0.3701010101010101
Arkansas State Red Wolves,2018,37,7,12,346,312,5.0,8,1.0,4,5,0.5833333333333334,2.8333333333333335,0.625,0.25,34,0.4028860028860029
Arkansas State Red Wolves,2019,37,6,11,363,390,5.0,8,4.0,6,5,0.5454545454545454,-2.4545454545454546,0.625,0.6666666666666666,-27,0.45220385674931135
Arkansas State Red Wolves,2020,37,3,10,312,382,2.0,8,2.0,5,7,0.3,-7.0,0.25,0.4,-70,0.5223015873015873
Arkansas State Red Wolves,2021,37,1,11,263,442,1.0,8,1.0,5,10,0.09090909090909091,-16.272727272727273,0.125,0.2,-179,0.502020202020202
Arkansas State Red Wolves,2022,37,1,10,207,341,1.0,8,0.0,3,9,0.1,-13.4,0.125,0.0,-134,0.5281818181818181
Arkansas State Red Wolves,2023,37,4,11,269,360,4.0,8,1.0,3,7,0.36363636363636365,-8.272727272727273,0.5,0.3333333333333333,-91,0.5060182242000424
Arkansas State Red Wolves,2024,37,7,12,302,387,5.0,8,6.0,6,5,0.5833333333333334,-7.083333333333333,0.625,1.0,-85,0.4200563325563325
Arkansas State Red Wolves,2025,37,5,10,230,276,5.0,8,3.0,5,5,0.5,-4.6,0.625,0.6,-46,0.39904040404040403
Army Black Knights,2024,151,10,11,352,155,9.0,10,1.0,1,1,0.9090909090909091,17.90909090909091,0.9,1.0,197,0.39290457017729746
Army Black Knights,2025,151,6,11,242,235,4.0,9,4.0,8,5,0.5454545454545454,0.6363636363636364,0.4444444444444444,0.5,7,0.4891229982139073
Auburn Tigers,2015,8,6,12,330,318,2.0,8,2.0,3,6,0.5,1.0,0.25,0.6666666666666666,12,0.5963675213675214
Auburn Tigers,2016,8,7,12,351,222,5.0,8,2.0,4,5,0.5833333333333334,10.75,0.625,0.5,129,0.5736804861804862
Auburn Tigers,2017,8,9,13,450,249,7.0,9,0.0,2,4,0.6923076923076923,15.461538461538462,0.7777777777777778,0.0,201,0.6160002390771621
Auburn Tigers,2018,8,5,10,262,227,3.0,8,2.0,4,5,0.5,3.5,0.375,0.5,35,0.5351726051726052
Auburn Tigers,2019,8,8,12,380,254,5.0,8,3.0,6,4,0.6666666666666666,10.5,0.625,0.5,126,0.5977855477855478
Auburn Tigers,2020,8,6,11,276,272,6.0,10,2.0,2,5,0.5454545454545454,0.36363636363636365,0.6,1.0,4,0.554178145087236
Auburn Tigers,2021,8,5,12,306,283,3.0,8,1.0,4,7,0.4166666666666667,1.9166666666666667,0.375,0.25,23,0.5977564102564102
Auburn Tigers,2022,8,3,10,214,321,2.0,8,2.0,4,7,0.3,-10.7,0.25,0.5,-107,0.6241608391608391
Auburn Tigers,2023,8,4,10,226,236,3.0,8,1.0,4,6,0.4,-1.0,0.375,0.25,-10,0.5471561771561773
Auburn Tigers,2024,8,4,11,260,253,2.0,8,1.0,4,7,0.36363636363636365,0.6363636363636364,0.25,0.25,7,0.509641873278237
Auburn Tigers,2025,8,4,11,259,231,1.0,8,0.0,6,7,0.36363636363636365,2.5454545454545454,0.125,0.0,28,0.5329049738140648
BYU Cougars,2023,4,3,10,222,342,2.0,9,1.0,3,7,0.3,-12.0,0.2222222222222222,0.3333333333333333,-120,0.5397469197469198
BYU Cougars,2024,4,10,12,364,242,8.0,10,4.0,6,2,0.8333333333333334,10.166666666666666,0.8,0.6666666666666666,122,0.45495754245754244
BYU Cougars,2025,4,11,13,371,268,8.0,10,4.0,4,2,0.8461538461538461,7.923076923076923,0.8,1.0,103,0.572834857450242
Ball State Cardinals,2015,15,2,11,229,394,2.0,8,0.0,2,9,0.18181818181818182,-15.0,0.25,0.0,-165,0.5323434141615959
Ball State Cardinals,2016,15,2,10,252,320,1.0,8,0.0,4,8,0.2,-6.8,0.125,0.0,-68,0.45655011655011657
Ball State Cardinals,2017,15,0,9,115,411,0.0,8,0.0,1,9,0.0,-32.888888888888886,0.0,0.0,-296,0.4744712078045412
Ball State Cardinals,2018,15,3,9,212,331,3.0,8,2.0,2,6,0.3333333333333333,-13.222222222222221,0.375,1.0,-119,0.4345117845117845
Ball State Cardinals,2019,15,4,10,330,307,4.0,8,2.0,5,6,0.4,2.3,0.5,0.4,23,0.46657342657342654
Ball State Cardinals,2020,15,7,8,274,206,6.0,7,4.0,5,1,0.875,8.5,0.8571428571428571,0.8,68,0.5677083333333333
Ball State Cardinals,2021,15,4,11,254,332,4.0,8,2.0,4,7,0.36363636363636365,-7.090909090909091,0.5,0.5,-78,0.4793141202232112
Ball State Cardinals,2022,15,3,10,223,302,3.0,8,3.0,7,7,0.3,-7.9,0.375,0.42857142857142855,-79,0.47727272727272724
Ball State Cardinals,2023,15,3,11,174,286,3.0,8,2.0,5,8,0.2727272727272727,-10.181818181818182,0.375,0.4,-112,0.5037507946598856
Ball State Cardinals,2024,15,2,11,262,447,2.0,8,2.0,6,9,0.18181818181818182,-16.818181818181817,0.25,0.3333333333333333,-185,0.5169421487603306
Ball State Cardinals,2025,15,3,10,131,298,3.0,8,2.0,2,7,0.3,-16.7,0.375,1.0,-167,0.40766899766899767
Baylor Bears,2015,4,8,11,489,320,6.0,9,1.0,3,3,0.7272727272727273,15.363636363636363,0.6666666666666666,0.3333333333333333,169,0.470586988768807
Baylor Bears,2016,4,5,11,357,360,3.0,9,1.0,3,6,0.45454545454545453,-0.2727272727272727,0.3333333333333333,0.3333333333333333,-3,0.4900084763721127
Baylor Bears,2017,4,1,10,237,366,1.0,9,0.0,1,9,0.1,-12.9,0.1111111111111111,0.0,-129,0.5513986013986014
Baylor Bears,2018,4,5,11,292,365,4.0,9,3.0,5,6,0.45454545454545453,-6.636363636363637,0.4444444444444444,0.6,-73,0.5135576544667454
Baylor Bears,2019,4,8,11,331,233,8.0,10,4.0,6,3,0.7272727272727273,8.909090909090908,0.8,0.6666666666666666,98,0.5356643356643357
Baylor Bears,2020,4,2,9,210,263,2.0,9,1.0,4,7,0.2222222222222222,-5.888888888888889,0.2222222222222222,0.25,-53,0.5258698092031425
Baylor Bears,2021,4,10,12,339,225,8.0,10,4.0,5,2,0.8333333333333334,9.5,0.8,0.8,114,0.525
Baylor Bears,2022,4,5,11,329,313,4.0,9,2.0,4,6,0.45454545454545453,1.4545454545454546,0.4444444444444444,0.5,16,0.5102806284624467
Baylor Bears,2023,4,2,11,247,393,2.0,9,2.0,5,9,0.18181818181818182,-13.272727272727273,0.2222222222222222,0.4,-146,0.5083628492719402
Baylor Bears,2024,4,7,12,402,344,6.0,10,1.0,3,5,0.5833333333333334,4.833333333333333,0.6,0.3333333333333333,58,0.5173853923853924
Baylor Bears,2025,4,4,11,331,384,3.0,9,2.0,5,7,0.36363636363636365,-4.818181818181818,0.3333333333333333,0.4,-53,0.5231404958677687
Boise State Broncos,2015,17,8,11,432,228,5.0,8,1.0,3,3,0.7272727272727273,18.545454545454547,0.625,0.3333333333333333,204,0.3806314897223988
Boise State Broncos,2016,17,9,12,411,276,6.0,8,2.0,4,3,0.75,11.25,0.75,0.5,135,0.4465909090909091
Boise State Broncos,2017,17,10,13,431,313,8.0,9,2.0,3,3,0.7692307692307693,9.076923076923077,0.8888888888888888,0.6666666666666666,118,0.5307692307692308
Boise State Broncos,2018,17,9,12,439,271,7.0,9,2.0,4,3,0.75,14.0,0.7777777777777778,0.5,168,0.5083236208236208
Boise State Broncos,2019,17,10,11,402,261,9.0,9,3.0,3,1,0.9090909090909091,12.818181818181818,1.0,1.0,141,0.4473829201101928
Boise State Broncos,2020,17,5,6,220,139,5.0,6,0.0,0,1,0.8333333333333334,13.5,0.8333333333333334,0.0,81,0.4634259259259259
Boise State Broncos,2021,17,5,10,270,198,5.0,8,0.0,3,5,0.5,7.2,0.625,0.0,72,0.598989898989899
Boise State Broncos,2022,17,8,10,310,176,8.0,9,2.0,2,2,0.8,13.4,0.8888888888888888,1.0,134,0.49681818181818177
Boise State Broncos,2023,17,7,13,408,340,7.0,9,1.0,5,6,0.5384615384615384,5.230769230769231,0.7777777777777778,0.2,68,0.532944832944833
Boise State Broncos,2024,17,11,13,466,302,8.0,8,3.0,4,2,0.8461538461538461,12.615384615384615,1.0,0.75,164,0.5071812802582033
Boise State Broncos,2025,17,8,12,360,295,7.0,9,1.0,1,4,0.6666666666666666,5.416666666666667,0.7777777777777778,1.0,65,0.4955387205387205
Boston College Eagles,2015,1,1,9,90,161,0.0,8,1.0,5,8,0.1111111111111111,-7.888888888888889,0.0,0.2,-71,0.5198566865233532
Boston College Eagles,2016,1,5,11,197,308,2.0,8,3.0,4,6,0.45454545454545453,-10.090909090909092,0.25,0.75,-111,0.5035615899252263
Boston College Eagles,2017,1,7,12,314,248,4.0,8,2.0,4,5,0.5833333333333334,5.5,0.5,0.5,66,0.5421037296037295
Boston College Eagles,2018,1,5,10,267,273,4.0,8,1.0,3,5,0.5,-0.6,0.5,0.3333333333333333,-6,0.5381740481740482
Boston College Eagles,2019,1,5,11,325,365,4.0,8,2.0,5,6,0.45454545454545453,-3.6363636363636362,0.5,0.4,-40,0.467987567987568
Boston College Eagles,2020,1,6,11,306,312,5.0,10,4.0,6,5,0.5454545454545454,-0.5454545454545454,0.5,0.6666666666666666,-6,0.4302112029384757
Boston College Eagles,2021,1,4,10,200,238,2.0,8,1.0,3,6,0.4,-3.8,0.25,0.3333333333333333,-38,0.44974747474747473
Boston College Eagles,2022,1,2,9,172,290,2.0,8,2.0,4,7,0.2222222222222222,-13.11111111111111,0.25,0.5,-118,0.5310584477251143
Boston College Eagles,2023,1,4,10,244,302,3.0,8,2.0,4,6,0.4,-5.8,0.375,0.5,-58,0.5206993006993007
Boston College Eagles,2024,1,5,11,289,289,4.0,8,2.0,5,6,0.45454545454545453,0.0,0.5,0.4,0,0.514367450731087
Boston College Eagles,2025,1,1,9,206,320,1.0,8,0.0,3,8,0.1111111111111111,-12.666666666666666,0.125,0.0,-114,0.4837261503928171
Bowling Green Falcons,2015,15,10,14,591,405,8.0,9,2.0,3,4,0.7142857142857143,13.285714285714286,0.8888888888888888,0.6666666666666666,186,0.44138361638361634
Bowling Green Falcons,2016,15,3,10,250,393,3.0,8,0.0,3,7,0.3,-14.3,0.375,0.0,-143,0.4848251748251748
Bowling Green Falcons,2017,15,2,10,264,397,2.0,8,0.0,1,8,0.2,-13.3,0.25,0.0,-133,0.5444017094017094
Bowling Green Falcons,2018,15,2,11,250,445,2.0,8,0.0,2,9,0.18181818181818182,-17.727272727272727,0.25,0.0,-195,0.45674931129476587
Bowling Green Falcons,2019,15,2,9,139,373,2.0,8,0.0,0,7,0.2222222222222222,-26.0,0.25,0.0,-234,0.46807821807821803
Bowling Green Falcons,2020,15,0,5,57,225,0.0,5,0.0,0,5,0.0,-33.6,0.0,0.0,-168,0.6166666666666667
Bowling Green Falcons,2021,15,3,11,230,358,2.0,8,1.0,3,8,0.2727272727272727,-11.636363636363637,0.25,0.3333333333333333,-128,0.42622024440206263
Bowling Green Falcons,2022,15,6,11,229,340,5.0,8,5.0,5,5,0.5454545454545454,-10.090909090909092,0.625,1.0,-111,0.47281910009182737
Bowling Green Falcons,2023,15,6,11,278,263,5.0,8,1.0,3,5,0.5454545454545454,1.3636363636363635,0.625,0.3333333333333333,15,0.46799109980928166
Bowling Green Falcons,2024,15,6,12,311,264,6.0,8,1.0,5,6,0.5,3.9166666666666665,0.75,0.2,47,0.4503787878787879
Bowling Green Falcons,2025,15,2,10,197,271,2.0,8,1.0,4,8,0.2,-7.4,0.25,0.25,-74,0.4369696969696969
Buffalo Bulls,2015,15,3,10,236,302,3.0,8,2.0,5,7,0.3,-6.6,0.375,0.4,-66,0.44815351315351315
Buffalo Bulls,2016,15,1,10,159,346,1.0,8,0.0,0,9,0.1,-18.7,0.125,0.0,-187,0.4316083916083916
Buffalo Bulls,2017,15,4,9,258,236,4.0,8,1.0,4,5,0.4444444444444444,2.4444444444444446,0.5,0.25,22,0.360662177328844
Buffalo Bulls,2018,15,9,12,423,311,7.0,9,2.0,3,3,0.75,9.333333333333334,0.7777777777777778,0.6666666666666666,112,0.4186868686868687
Buffalo Bulls,2019,15,6,10,323,223,5.0,8,0.0,2,4,0.6,10.0,0.625,0.0,100,0.4539471639471639
Buffalo Bulls,2020,15,5,6,287,143,5.0,6,0.0,0,1,0.8333333333333334,24.0,0.8333333333333334,0.0,144,0.40972222222222215
Buffalo Bulls,2021,15,2,10,247,318,2.0,8,1.0,4,8,0.2,-7.1,0.25,0.25,-71,0.41602564102564105
Buffalo Bulls,2022,15,6,11,306,303,5.0,8,4.0,6,5,0.5454545454545454,0.2727272727272727,0.625,0.6666666666666666,3,0.478099173553719
Buffalo Bulls,2023,15,3,10,187,234,3.0,8,1.0,2,7,0.3,-4.7,0.375,0.5,-47,0.4679370629370629
Buffalo Bulls,2024,15,6,9,282,273,6.0,8,2.0,3,3,0.6666666666666666,1.0,0.75,0.6666666666666666,9,0.4078563411896745
Buffalo Bulls,2025,15,4,10,226,256,4.0,8,3.0,5,6,0.4,-3.0,0.5,0.6,-30,0.4085780885780886
California Golden Bears,2015,9,7,12,420,385,4.0,9,4.0,6,5,0.5833333333333334,2.9166666666666665,0.4444444444444444,0.6666666666666666,35,0.5702408702408702
California Golden Bears,2016,9,5,12,445,511,3.0,9,3.0,5,7,0.4166666666666667,-5.5,0.3333333333333333,0.6,-66,0.5147921522921522
California Golden Bears,2017,9,4,11,300,321,2.0,9,1.0,4,7,0.36363636363636365,-1.9090909090909092,0.2222222222222222,0.25,-21,0.47195733559369923
California Golden Bears,2018,9,5,11,214,224,4.0,9,3.0,6,6,0.45454545454545453,-0.9090909090909091,0.4444444444444444,0.5,-10,0.45936639118457295
California Golden Bears,2019,9,6,11,226,255,4.0,9,2.0,4,5,0.5454545454545454,-2.6363636363636362,0.4444444444444444,0.5,-29,0.5034541216359398
California Golden Bears,2020,9,1,4,81,106,1.0,4,1.0,3,3,0.25,-6.25,0.25,0.3333333333333333,-25,0.4880952380952381
California Golden Bears,2021,9,4,11,243,237,4.0,9,0.0,5,7,0.36363636363636365,0.5454545454545454,0.4444444444444444,0.0,6,0.4293282475100657
California Golden Bears,2022,9,3,10,236,297,2.0,9,2.0,6,7,0.3,-6.1,0.2222222222222222,0.3333333333333333,-61,0.5118686868686868
California Golden Bears,2023,9,5,12,362,409,4.0,9,2.0,4,7,0.4166666666666667,-3.9166666666666665,0.4444444444444444,0.5,-47,0.5262626262626263
California Golden Bears,2024,1,5,12,295,277,2.0,8,2.0,6,7,0.4166666666666667,1.5,0.25,0.3333333333333333,18,0.4407051282051282
California Golden Bears,2025,1,6,12,294,350,4.0,8,4.0,5,6,0.5,-4.666666666666667,0.5,0.8,-56,0.4712153587153587
Central Michigan Chippewas,2015,15,6,12,305,276,6.0,8,2.0,6,6,0.5,2.4166666666666665,0.75,0.3333333333333333,29,0.46675685425685426
Central Michigan Chippewas,2016,15,5,12,293,391,3.0,8,4.0,6,7,0.4166666666666667,-8.166666666666666,0.375,0.6666666666666666,-98,0.5036130536130536
Central Michigan Chippewas,2017,15,7,12,340,331,6.0,8,3.0,3,5,0.5833333333333334,0.75,0.75,1.0,9,0.40151838901838904
Central Michigan Chippewas,2018,15,0,11,163,323,0.0,8,0.0,2,11,0.0,-14.545454545454545,0.0,0.0,-160,0.48145793600339054
Central Michigan Chippewas,2019,15,6,12,346,347,6.0,9,1.0,3,6,0.5,-0.08333333333333333,0.6666666666666666,0.3333333333333333,-1,0.4500605875605876
Central Michigan Chippewas,2020,15,3,6,188,181,3.0,6,1.0,2,3,0.5,1.1666666666666667,0.5,0.5,7,0.5347222222222222
Central Michigan Chippewas,2021,15,7,11,344,308,6.0,8,3.0,4,4,0.6363636363636364,3.272727272727273,0.75,0.75,36,0.4740269831178922
Central Michigan Chippewas,2022,15,3,11,256,338,3.0,8,2.0,4,8,0.2727272727272727,-7.454545454545454,0.375,0.5,-82,0.48766687857596946
Central Michigan Chippewas,2023,15,4,10,216,290,3.0,8,4.0,5,6,0.4,-7.4,0.375,0.8,-74,0.41924242424242425
Central Michigan Chippewas,2024,15,3,10,189,294,2.0,8,3.0,5,7,0.3,-10.5,0.25,0.6,-105,0.4769191919191919
Central Michigan Chippewas,2025,15,6,12,244,296,5.0,8,1.0,3,6,0.5,-4.333333333333333,0.625,0.3333333333333333,-52,0.40945998445998444
Charlotte 49ers,2023,151,2,11,186,340,2.0,8,2.0,3,9,0.18181818181818182,-14.0,0.25,0.6666666666666666,-154,0.4488062442607897
Charlotte 49ers,2024,151,4,11,257,395,4.0,8,2.0,3,7,0.36363636363636365,-12.545454545454545,0.5,0.6666666666666666,-138,0.5475877657695839
Charlotte 49ers,2025,151,0,11,130,401,0.0,8,0.0,0,11,0.0,-24.636363636363637,0.0,0.0,-271,0.5503435957981412
Cincinnati Bearcats,2015,151,6,11,364,357,4.0,8,2.0,4,5,0.5454545454545454,0.6363636363636364,0.5,0.5,7,0.5229003319912411
Cincinnati Bearcats,2016,151,3,10,201,296,1.0,8,1.0,2,7,0.3,-9.5,0.125,0.5,-95,0.5068181818181818
Cincinnati Bearcats,2017,151,3,10,204,330,2.0,8,3.0,4,7,0.3,-12.6,0.25,0.75,-126,0.5193162393162394
Cincinnati Bearcats,2018,151,10,12,391,217,6.0,8,3.0,4,2,0.8333333333333334,14.5,0.75,0.75,174,0.4460016835016835
Cincinnati Bearcats,2019,151,10,13,363,274,7.0,9,4.0,5,3,0.7692307692307693,6.846153846153846,0.7777777777777778,0.8,89,0.46688482457713226
Cincinnati Bearcats,2020,151,7,8,296,138,7.0,7,2.0,3,1,0.875,19.75,1.0,0.6666666666666666,158,0.5233630952380952
Cincinnati Bearcats,2021,151,11,12,450,216,9.0,9,1.0,1,1,0.9166666666666666,19.5,1.0,1.0,234,0.42533670033670035
Cincinnati Bearcats,2022,151,8,12,317,258,6.0,8,3.0,6,4,0.6666666666666666,4.916666666666667,0.75,0.5,59,0.4283443408443408
Cincinnati Bearcats,2023,4,2,11,223,347,1.0,9,1.0,4,9,0.18181818181818182,-11.272727272727273,0.1111111111111111,0.25,-124,0.4923712650985378
Cincinnati Bearcats,2024,4,4,11,264,275,3.0,9,1.0,5,7,0.36363636363636365,-1.0,0.3333333333333333,0.2,-11,0.5686313686313686
Cincinnati Bearcats,2025,4,6,12,324,333,5.0,9,1.0,3,6,0.5,-0.75,0.5555555555555556,0.3333333333333333,-9,0.5237956487956488
Clemson Tigers,2015,1,12,13,504,293,9.0,9,2.0,3,1,0.9230769230769231,16.23076923076923,1.0,0.6666666666666666,211,0.5106478991094376
Clemson Tigers,2016,1,13,14,529,270,8.0,9,7.0,8,1,0.9285714285714286,18.5,0.8888888888888888,0.875,259,0.5986679986679987
Clemson Tigers,2017,1,11,13,405,187,8.0,9,1.0,2,2,0.8461538461538461,16.76923076923077,0.8888888888888888,0.5,218,0.5671507979200286
Clemson Tigers,2018,1,13,13,586,187,9.0,9,2.0,2,0,1.0,30.692307692307693,1.0,1.0,399,0.5511488511488511
Clemson Tigers,2019,1,12,13,548,179,9.0,9,2.0,2,1,0.9230769230769231,28.384615384615383,1.0,1.0,369,0.515644611798458
Clemson Tigers,2020,1,9,11,473,242,9.0,10,1.0,2,2,0.8181818181818182,21.0,0.9,0.5,231,0.5460514233241506
Clemson Tigers,2021,1,8,11,249,183,6.0,8,5.0,7,3,0.7272727272727273,6.0,0.75,0.7142857142857143,66,0.5328600692237055
Clemson Tigers,2022,1,9,11,368,225,9.0,9,3.0,4,2,0.8181818181818182,13.0,1.0,0.75,143,0.545154340608886
Clemson Tigers,2023,1,7,11,291,234,4.0,8,2.0,4,4,0.6363636363636364,5.181818181818182,0.5,0.5,57,0.5038885357067175
Clemson Tigers,2024,1,9,13,435,314,8.0,9,2.0,3,4,0.6923076923076923,9.307692307692308,0.8888888888888888,0.6666666666666666,121,0.4916733907118523
Clemson Tigers,2025,1,6,12,309,257,4.0,8,1.0,4,6,0.5,4.333333333333333,0.5,0.25,52,0.4337962962962963
Coastal Carolina Chanticleers,2017,37,2,9,213,298,2.0,8,1.0,3,7,0.2222222222222222,-9.444444444444445,0.25,0.3333333333333333,-85,0.43445566778900113
Coastal Carolina Chanticleers,2018,37,2,9,191,340,2.0,8,2.0,3,7,0.2222222222222222,-16.555555555555557,0.25,0.6666666666666666,-149,0.501010101010101
Coastal Carolina Chanticleers,2019,37,3,10,256,331,2.0,8,3.0,7,7,0.3,-7.5,0.25,0.42857142857142855,-75,0.47030303030303033
Coastal Carolina Chanticleers,2020,37,9,9,347,168,8.0,8,2.0,2,0,1.0,19.88888888888889,1.0,1.0,179,0.43959435626102294
Coastal Carolina Chanticleers,2021,37,9,11,427,264,6.0,8,4.0,6,2,0.8181818181818182,14.818181818181818,0.75,0.6666666666666666,163,0.3378540651267924
Coastal Carolina Chanticleers,2022,37,7,11,309,359,6.0,9,4.0,4,4,0.6363636363636364,-4.545454545454546,0.6666666666666666,1.0,-50,0.4854912764003673
Coastal Carolina Chanticleers,2023,37,6,10,243,259,5.0,8,2.0,2,4,0.6,-1.6,0.625,1.0,-16,0.5251748251748252
Coastal Carolina Chanticleers,2024,37,4,11,278,363,3.0,8,0.0,0,7,0.36363636363636365,-7.7272727272727275,0.375,0.0,-85,0.4641873278236915
Coastal Carolina Chanticleers,2025,37,5,11,261,407,5.0,8,0.0,1,6,0.45454545454545453,-13.272727272727273,0.625,0.0,-146,0.43301546937910573
Colorado Buffaloes,2015,9,3,12,272,357,1.0,9,2.0,6,9,0.25,-7.083333333333333,0.1111111111111111,0.3333333333333333,-85,0.4995726495726496
Colorado Buffaloes,2016,9,9,13,379,297,8.0,10,3.0,4,4,0.6923076923076923,6.3076923076923075,0.8,0.75,82,0.5321857629549938
Colorado Buffaloes,2017,9,4,11,276,317,2.0,9,1.0,3,7,0.36363636363636365,-3.727272727272727,0.2222222222222222,0.3333333333333333,-41,0.4710002119093028
Colorado Buffaloes,2018,9,4,11,280,313,2.0,9,2.0,3,7,0.36363636363636365,-3.0,0.2222222222222222,0.6666666666666666,-33,0.43443526170798896
Colorado Buffaloes,2019,9,5,12,282,382,3.0,9,4.0,7,7,0.4166666666666667,-8.333333333333334,0.3333333333333333,0.5714285714285714,-100,0.5244269619269619
Colorado Buffaloes,2020,9,4,6,171,190,3.0,4,2.0,2,2,0.6666666666666666,-3.1666666666666665,0.75,1.0,-19,0.4888888888888889
Colorado Buffaloes,2021,9,3,11,190,313,3.0,9,2.0,3,8,0.2727272727272727,-11.181818181818182,0.3333333333333333,0.6666666666666666,-123,0.5273892773892773
Colorado Buffaloes,2022,9,1,12,185,534,1.0,9,1.0,1,11,0.08333333333333333,-29.083333333333332,0.1111111111111111,1.0,-349,0.6238178488178489
Colorado Buffaloes,2023,9,4,12,338,418,1.0,9,2.0,7,8,0.3333333333333333,-6.666666666666667,0.1111111111111111,0.2857142857142857,-80,0.4919191919191919
Colorado Buffaloes,2024,4,8,12,397,274,7.0,10,1.0,2,4,0.6666666666666666,10.25,0.7,0.5,123,0.451010101010101
Colorado Buffaloes,2025,4,2,11,220,359,1.0,9,1.0,4,9,0.18181818181818182,-12.636363636363637,0.1111111111111111,0.25,-139,0.6044712862894681
Colorado State Rams,2015,17,5,11,287,310,5.0,9,2.0,5,6,0.45454545454545453,-2.090909090909091,0.5555555555555556,0.4,-23,0.4296567069294342
Colorado State Rams,2016,17,5,11,389,360,5.0,8,1.0,4,6,0.45454545454545453,2.6363636363636362,0.625,0.25,29,0.5422335240517059
Colorado State Rams,2017,17,6,11,368,320,5.0,8,2.0,4,5,0.5454545454545454,4.363636363636363,0.625,0.5,48,0.36904358267994636
Colorado State Rams,2018,17,3,11,255,406,2.0,8,2.0,3,8,0.2727272727272727,-13.727272727272727,0.25,0.6666666666666666,-151,0.45674931129476587
Colorado State Rams,2019,17,3,11,299,361,3.0,8,0.0,2,8,0.2727272727272727,-5.636363636363637,0.375,0.0,-62,0.4495867768595041
Colorado State Rams,2020,17,1,4,89,143,1.0,4,0.0,0,3,0.25,-13.5,0.25,0.0,-54,0.5595238095238095
Colorado State Rams,2021,17,3,11,261,297,2.0,8,0.0,3,8,0.2727272727272727,-3.272727272727273,0.25,0.0,-36,0.4726485635576545
Colorado State Rams,2022,17,3,10,129,248,3.0,8,2.0,4,7,0.3,-11.9,0.375,0.5,-119,0.48412587412587416
Colorado State Rams,2023,17,3,10,241,312,3.0,8,2.0,4,7,0.3,-7.1,0.375,0.5,-71,0.42763403263403266
Colorado State Rams,2024,17,6,11,252,301,6.0,7,2.0,3,5,0.5454545454545454,-4.454545454545454,0.8571428571428571,0.6666666666666666,-49,0.4366735537190083
Colorado State Rams,2025,17,1,11,201,353,1.0,8,0.0,2,10,0.09090909090909091,-13.818181818181818,0.125,0.0,-152,0.553443526170799
Connecticut Huskies,2015,151,4,9,158,175,4.0,8,2.0,3,5,0.4444444444444444,-1.8888888888888888,0.5,0.6666666666666666,-17,0.5060994560994562
Connecticut Huskies,2016,151,2,11,154,316,1.0,8,1.0,3,9,0.18181818181818182,-14.727272727272727,0.125,0.3333333333333333,-162,0.4462809917355372
Duke Blue Devils,2015,1,6,11,311,327,4.0,8,4.0,5,5,0.5454545454545454,-1.4545454545454546,0.5,0.8,-16,0.3912764003673095
Duke Blue Devils,2016,1,1,9,180,291,1.0,8,1.0,3,8,0.1111111111111111,-12.333333333333334,0.125,0.3333333333333333,-111,0.5634680134680135
Duke Blue Devils,2017,1,6,11,269,235,3.0,8,0.0,3,5,0.5454545454545454,3.090909090909091,0.375,0.0,34,0.46680793953521227
Duke Blue Devils,2018,1,6,11,293,329,3.0,8,1.0,1,5,0.5454545454545454,-3.272727272727273,0.375,1.0,-36,0.532542205269478
Duke Blue Devils,2019,1,3,9,210,281,3.0,8,0.0,2,6,0.3333333333333333,-7.888888888888889,0.375,0.0,-71,0.5174523007856341
Duke Blue Devils,2020,1,1,10,220,400,1.0,10,0.0,1,9,0.1,-18.0,0.1,0.0,-180,0.4945959595959596
Duke Blue Devils,2021,1,2,10,201,429,0.0,8,1.0,2,8,0.2,-22.8,0.0,0.5,-228,0.4322222222222222
Duke Blue Devils,2022,1,8,12,378,267,5.0,8,2.0,5,4,0.6666666666666666,9.25,0.625,0.4,111,0.36195286195286197
Duke Blue Devils,2023,1,6,10,253,212,4.0,8,2.0,4,4,0.6,4.1,0.5,0.5,41,0.5463986013986014
Duke Blue Devils,2024,1,6,10,245,277,5.0,8,5.0,6,4,0.6,-3.2,0.625,0.8333333333333334,-32,0.4644405594405594
Duke Blue Devils,2025,1,8,12,405,358,7.0,9,4.0,5,4,0.6666666666666666,3.9166666666666665,0.7777777777777778,0.8,47,0.5717537092537093
East Carolina Pirates,2015,151,4,10,263,247,3.0,8,1.0,4,6,0.4,1.6,0.375,0.25,16,0.4985236985236985
East Carolina Pirates,2016,151,2,11,272,426,1.0,8,1.0,2,9,0.18181818181818182,-14.0,0.125,0.5,-154,0.5078512396694215
East Carolina Pirates,2017,151,2,10,252,489,2.0,8,1.0,2,8,0.2,-23.7,0.25,0.5,-237,0.5565151515151515
East Carolina Pirates,2018,151,2,10,213,385,1.0,8,0.0,2,8,0.2,-17.2,0.125,0.0,-172,0.5329370629370629
East Carolina Pirates,2019,151,1,9,230,367,1.0,8,1.0,2,8,0.1111111111111111,-15.222222222222221,0.125,0.5,-137,0.5085340585340585
East Carolina Pirates,2020,151,3,9,272,319,3.0,8,0.0,2,6,0.3333333333333333,-5.222222222222222,0.375,0.0,-47,0.4785273368606702
East Carolina Pirates,2021,151,5,10,283,249,5.0,8,2.0,5,5,0.5,3.4,0.625,0.4,34,0.4813636363636363
East Carolina Pirates,2022,151,6,11,347,319,4.0,8,2.0,5,5,0.5454545454545454,2.5454545454545454,0.5,0.4,28,0.4620293847566575
East Carolina Pirates,2023,151,1,11,164,269,1.0,8,0.0,4,10,0.09090909090909091,-9.545454545454545,0.125,0.0,-105,0.538867697958607
East Carolina Pirates,2024,151,7,11,350,317,5.0,8,3.0,4,4,0.6363636363636364,3.0,0.625,0.75,33,0.42056932966023874
East Carolina Pirates,2025,151,8,12,369,258,6.0,8,2.0,4,4,0.6666666666666666,9.25,0.75,0.5,111,0.49495365745365744
Eastern Michigan Eagles,2015,15,1,10,235,409,0.0,8,0.0,1,9,0.1,-17.4,0.0,0.0,-174,0.44914918414918414
Eastern Michigan Eagles,2016,15,5,10,267,331,4.0,8,5.0,6,5,0.5,-6.4,0.5,0.8333333333333334,-64,0.4988811188811189
Eastern Michigan Eagles,2017,15,4,10,262,245,3.0,8,3.0,8,6,0.4,1.7,0.375,0.375,17,0.4362160062160062
Eastern Michigan Eagles,2018,15,6,11,278,233,5.0,8,2.0,7,5,0.5454545454545454,4.090909090909091,0.625,0.2857142857142857,45,0.4347955075227803
Eastern Michigan Eagles,2019,15,5,12,345,369,3.0,8,3.0,6,7,0.4166666666666667,-2.0,0.375,0.5,-24,0.4364413364413364
Eastern Michigan Eagles,2020,15,2,6,199,216,2.0,6,0.0,2,4,0.3333333333333333,-2.8333333333333335,0.3333333333333333,0.0,-17,0.5763888888888888
Eastern Michigan Eagles,2021,15,5,10,295,291,4.0,8,3.0,5,5,0.5,0.4,0.5,0.6,4,0.4827000777000777
Eastern Michigan Eagles,2022,15,7,11,325,323,5.0,8,3.0,4,4,0.6363636363636364,0.18181818181818182,0.625,0.75,2,0.3504132231404959
Eastern Michigan Eagles,2023,15,4,10,202,286,4.0,8,1.0,3,6,0.4,-8.4,0.5,0.3333333333333333,-84,0.3631235431235431
Eastern Michigan Eagles,2024,15,2,9,210,287,2.0,8,1.0,3,7,0.2222222222222222,-8.555555555555555,0.25,0.3333333333333333,-77,0.45437710437710443
Eastern Michigan Eagles,2025,15,4,11,266,329,3.0,8,3.0,5,7,0.36363636363636365,-5.7272727272727275,0.375,0.6,-63,0.4268065268065268
Florida Atlantic Owls,2023,151,3,11,243,286,3.0,8,1.0,5,8,0.2727272727272727,-3.909090909090909,0.375,0.2,-43,0.4631807586353041
Florida Atlantic Owls,2024,151,1,9,218,285,1.0,8,0.0,3,8,0.1111111111111111,-7.444444444444445,0.125,0.0,-67,0.4462962962962963
Florida Atlantic Owls,2025,151,3,9,225,336,3.0,8,1.0,1,6,0.3333333333333333,-12.333333333333334,0.375,1.0,-111,0.5285473785473785
Florida Gators,2015,8,9,13,305,242,7.0,9,4.0,5,4,0.6923076923076923,4.846153846153846,0.7777777777777778,0.8,63,0.542645388799235
Florida Gators,2016,8,7,11,255,211,6.0,9,2.0,2,4,0.6363636363636364,4.0,0.6666666666666666,1.0,44,0.5593981775799958
Florida Gators,2017,8,3,10,207,293,3.0,8,2.0,4,7,0.3,-8.6,0.375,0.5,-86,0.504032634032634
Florida Gators,2018,8,8,11,339,244,5.0,8,2.0,2,3,0.7272727272727273,8.636363636363637,0.625,1.0,95,0.5374196510560147
Florida Gators,2019,8,9,11,349,201,6.0,8,1.0,2,2,0.8181818181818182,13.454545454545455,0.75,0.5,148,0.5553719008264463
Florida Gators,2020,8,8,12,478,370,8.0,11,0.0,3,4,0.6666666666666666,9.0,0.7272727272727273,0.0,108,0.5212121212121212
Florida Gators,2021,8,4,11,294,282,2.0,8,1.0,5,7,0.36363636363636365,1.0909090909090908,0.25,0.2,12,0.5073779755597937
Florida Gators,2022,8,5,12,332,358,3.0,8,3.0,6,7,0.4166666666666667,-2.1666666666666665,0.375,0.5,-26,0.562995337995338
Florida Gators,2023,8,4,11,292,324,3.0,8,1.0,3,7,0.36363636363636365,-2.909090909090909,0.375,0.3333333333333333,-32,0.5349120576393304
Florida Gators,2024,8,7,12,323,293,4.0,8,1.0,2,5,0.5833333333333334,2.5,0.5,0.5,30,0.5241671522921523
Florida Gators,2025,8,3,11,204,288,2.0,8,1.0,3,8,0.2727272727272727,-7.636363636363637,0.25,0.3333333333333333,-84,0.6097448006538916
Florida State Seminoles,2015,1,9,12,360,214,6.0,8,1.0,2,3,0.75,12.166666666666666,0.75,0.5,146,0.4710923335923336
Florida State Seminoles,2016,1,9,12,404,317,5.0,8,3.0,5,3,0.75,7.25,0.625,0.6,87,0.5927461427461428
Florida State Seminoles,2017,1,5,11,243,257,3.0,8,3.0,6,6,0.45454545454545453,-1.2727272727272727,0.375,0.5,-14,0.5916931553295189
Florida State Seminoles,2018,1,4,10,214,310,3.0,8,2.0,3,6,0.4,-9.6,0.375,0.6666666666666666,-96,0.5664141414141415
Florida State Seminoles,2019,1,5,12,314,350,4.0,8,2.0,6,7,0.4166666666666667,-3.0,0.5,0.3333333333333333,-36,0.5725038850038849
Florida State Seminoles,2020,1,2,8,191,300,2.0,8,1.0,2,6,0.25,-13.625,0.25,0.5,-109,0.5007575757575757
Florida State Seminoles,2021,1,4,9,217,254,4.0,8,3.0,4,5,0.4444444444444444,-4.111111111111111,0.5,0.75,-37,0.514983164983165
Florida State Seminoles,2022,1,9,12,422,261,5.0,8,4.0,6,3,0.75,13.416666666666666,0.625,0.6666666666666666,161,0.4932854182854183
Florida State Seminoles,2023,1,12,13,426,257,9.0,9,3.0,3,1,0.9230769230769231,13.0,1.0,1.0,169,0.49237941545633856
Florida State Seminoles,2024,1,1,10,141,277,1.0,8,1.0,3,9,0.1,-13.6,0.125,0.3333333333333333,-136,0.6084265734265735
Florida State Seminoles,2025,1,4,11,319,261,2.0,8,0.0,3,7,0.36363636363636365,5.2727272727272725,0.25,0.0,58,0.5294342021614749
Fresno State Bulldogs,2015,17,2,10,223,392,2.0,8,1.0,2,8,0.2,-16.9,0.25,0.5,-169,0.49813519813519813
Fresno State Bulldogs,2016,17,0,11,181,368,0.0,8,0.0,4,11,0.0,-17.0,0.0,0.0,-187,0.5117927527018437
Fresno State Bulldogs,2017,17,8,12,294,238,7.0,9,2.0,3,4,0.6666666666666666,4.666666666666667,0.7777777777777778,0.6666666666666666,56,0.5262561512561513
Fresno State Bulldogs,2018,17,11,13,406,185,8.0,9,1.0,3,2,0.8461538461538461,17.0,0.8888888888888888,0.3333333333333333,221,0.4505050505050505
Fresno State Bulldogs,2019,17,2,10,296,324,2.0,8,1.0,5,8,0.2,-2.8,0.25,0.2,-28,0.5507575757575758
Fresno State Bulldogs,2020,17,3,6,197,180,3.0,6,0.0,0,3,0.5,2.8333333333333335,0.5,0.0,17,0.33928571428571425
Fresno State Bulldogs,2021,17,7,10,295,233,6.0,8,2.0,4,3,0.7,6.2,0.75,0.5,62,0.4588267288267288
Fresno State Bulldogs,2022,17,9,12,379,246,8.0,9,3.0,4,3,0.75,11.083333333333334,0.8888888888888888,0.75,133,0.4891414141414141
Fresno State Bulldogs,2023,17,7,11,325,264,4.0,8,4.0,5,4,0.6363636363636364,5.545454545454546,0.5,0.8,61,0.3494560994560994
Fresno State Bulldogs,2024,17,4,11,245,293,4.0,7,2.0,4,7,0.36363636363636365,-4.363636363636363,0.5714285714285714,0.5,-48,0.46802288620470445
Fresno State Bulldogs,2025,17,8,12,279,237,5.0,8,2.0,2,4,0.6666666666666666,3.5,0.625,1.0,42,0.3733941983941984
Georgia Bulldogs,2015,8,9,12,294,214,5.0,8,5.0,6,3,0.75,6.666666666666667,0.625,0.8333333333333334,80,0.44139147889147884
Georgia Bulldogs,2016,8,7,12,293,288,4.0,8,3.0,6,5,0.5833333333333334,0.4166666666666667,0.5,0.5,5,0.4868686868686869
Georgia Bulldogs,2017,8,11,13,469,213,8.0,10,1.0,2,2,0.8461538461538461,19.692307692307693,0.8,0.5,256,0.5431474508397586
Georgia Bulldogs,2018,8,8,11,370,235,7.0,9,0.0,2,3,0.7272727272727273,12.272727272727273,0.7777777777777778,0.0,135,0.5911780139052867
Georgia Bulldogs,2019,8,10,12,345,142,7.0,9,3.0,4,2,0.8333333333333334,16.916666666666668,0.7777777777777778,0.75,203,0.5556818181818182
Georgia Bulldogs,2020,8,8,10,323,200,7.0,9,2.0,2,2,0.8,12.3,0.7777777777777778,1.0,123,0.520530303030303
Georgia Bulldogs,2021,8,12,13,467,139,9.0,10,1.0,1,1,0.9230769230769231,25.23076923076923,0.9,1.0,328,0.5457708957708958
Georgia Bulldogs,2022,8,14,14,583,214,9.0,9,2.0,2,0,1.0,26.357142857142858,1.0,1.0,369,0.5565708101422387
Georgia Bulldogs,2023,8,12,13,514,212,8.0,9,1.0,2,1,0.9230769230769231,23.23076923076923,0.8888888888888888,0.5,302,0.5187914649453111
Georgia Bulldogs,2024,8,9,11,324,241,7.0,9,3.0,4,2,0.8181818181818182,7.545454545454546,0.7777777777777778,0.75,83,0.5612152998516634
Georgia Bulldogs,2025,8,11,13,421,240,8.0,10,3.0,5,2,0.8461538461538461,13.923076923076923,0.8,0.6,181,0.5191475191475191
Georgia Southern Eagles,2015,37,8,12,426,293,6.0,8,0.0,1,4,0.6666666666666666,11.083333333333334,0.75,0.0,133,0.4518217893217893
Georgia Southern Eagles,2016,37,4,11,265,318,4.0,8,3.0,6,7,0.36363636363636365,-4.818181818181818,0.5,0.5,-53,0.5105001059546515
Georgia Southern Eagles,2017,37,2,10,218,309,2.0,8,0.0,1,8,0.2,-9.1,0.25,0.0,-91,0.5142812742812743
Georgia Southern Eagles,2018,37,7,10,277,230,6.0,8,3.0,3,3,0.7,4.7,0.75,1.0,47,0.47712121212121217
Georgia Southern Eagles,2019,37,5,10,283,318,5.0,8,3.0,5,5,0.5,-3.5,0.625,0.6,-35,0.5656060606060607
Georgia Southern Eagles,2020,37,4,8,201,210,4.0,8,4.0,6,4,0.5,-1.125,0.5,0.6666666666666666,-9,0.5195436507936508
Georgia Southern Eagles,2021,37,2,9,190,280,2.0,8,0.0,2,7,0.2222222222222222,-10.0,0.25,0.0,-90,0.5279461279461279
Georgia Southern Eagles,2022,37,5,11,345,369,3.0,8,4.0,7,6,0.45454545454545453,-2.1818181818181817,0.375,0.5714285714285714,-24,0.4730945821854913
Georgia Southern Eagles,2023,37,5,12,358,396,3.0,8,0.0,2,7,0.4166666666666667,-3.1666666666666665,0.375,0.0,-38,0.4851689976689977
Georgia Southern Eagles,2024,37,7,11,296,314,6.0,8,3.0,3,4,0.6363636363636364,-1.6363636363636365,0.75,1.0,-18,0.47995337995337994
Georgia Southern Eagles,2025,37,5,11,277,369,5.0,9,3.0,4,6,0.45454545454545453,-8.363636363636363,0.5555555555555556,0.75,-92,0.4967860422405877
Georgia State Panthers,2015,37,6,11,297,304,5.0,8,1.0,2,5,0.5454545454545454,-0.6363636363636364,0.625,0.5,-7,0.4476584022038567
Georgia State Panthers,2016,37,2,11,208,313,2.0,8,1.0,3,9,0.18181818181818182,-9.545454545454545,0.25,0.3333333333333333,-105,0.5079299488390397
Georgia State Panthers,2017,37,5,9,179,263,5.0,8,3.0,3,4,0.5555555555555556,-9.333333333333334,0.625,1.0,-84,0.42779936113269446
Georgia State Panthers,2018,37,1,11,263,429,1.0,8,0.0,1,10,0.09090909090909091,-15.090909090909092,0.125,0.0,-166,0.5247086247086247
Georgia State Panthers,2019,37,5,11,330,408,4.0,8,0.0,1,6,0.45454545454545453,-7.090909090909091,0.5,0.0,-78,0.45716253443526167
Georgia State Panthers,2020,37,5,9,294,296,4.0,8,2.0,5,4,0.5555555555555556,-0.2222222222222222,0.5,0.4,-2,0.5037918871252205
Georgia State Panthers,2021,37,7,11,336,300,6.0,8,2.0,3,4,0.6363636363636364,3.272727272727273,0.75,0.6666666666666666,36,0.43962350780532594
Georgia State Panthers,2022,37,3,10,288,318,3.0,8,0.0,4,7,0.3,-3.0,0.375,0.0,-30,0.5052525252525253
Georgia State Panthers,2023,37,5,11,277,342,3.0,8,1.0,2,6,0.45454545454545453,-5.909090909090909,0.375,0.5,-65,0.5292222928586565
Georgia State Panthers,2024,37,2,10,235,351,1.0,8,1.0,4,8,0.2,-11.6,0.125,0.25,-116,0.5468181818181818
Georgia State Panthers,2025,37,0,11,200,433,0.0,8,0.0,2,11,0.0,-21.181818181818183,0.0,0.0,-233,0.5620818575364029
Georgia Tech Yellow Jackets,2015,1,2,10,260,273,1.0,8,1.0,6,8,0.2,-1.3,0.125,0.16666666666666666,-13,0.580034965034965
Georgia Tech Yellow Jackets,2016,1,8,12,332,308,4.0,8,3.0,4,4,0.6666666666666666,2.0,0.5,0.75,24,0.49383718133718135
Georgia Tech Yellow Jackets,2017,1,4,10,272,282,4.0,8,1.0,4,6,0.4,-1.0,0.5,0.25,-10,0.5176651126651126
Georgia Tech Yellow Jackets,2018,1,6,12,396,381,5.0,8,2.0,3,6,0.5,1.25,0.625,0.6666666666666666,15,0.4582491582491583
Georgia Tech Yellow Jackets,2019,1,3,11,176,362,2.0,8,3.0,4,8,0.2727272727272727,-16.90909090909091,0.25,0.75,-186,0.5349720986084623
Georgia Tech Yellow Jackets,2020,1,3,10,239,368,3.0,9,1.0,1,7,0.3,-12.9,0.3333333333333333,1.0,-129,0.475
Georgia Tech Yellow Jackets,2021,1,2,10,243,330,2.0,8,1.0,4,8,0.2,-8.7,0.25,0.25,-87,0.5571289821289821
Georgia Tech Yellow Jackets,2022,1,4,11,171,324,4.0,8,4.0,5,7,0.36363636363636365,-13.909090909090908,0.5,0.8,-153,0.5880165289256198
Georgia Tech Yellow Jackets,2023,1,6,12,356,370,5.0,8,2.0,3,6,0.5,-1.1666666666666667,0.625,0.6666666666666666,-14,0.5291958041958041
Georgia Tech Yellow Jackets,2024,1,6,11,304,295,5.0,8,4.0,6,5,0.5454545454545454,0.8181818181818182,0.625,0.6666666666666666,9,0.5159249841068023
Georgia Tech Yellow Jackets,2025,1,8,12,359,313,6.0,8,4.0,6,4,0.6666666666666666,3.8333333333333335,0.75,0.6666666666666666,46,0.4734330484330484
Hawai'i Rainbow Warriors,2015,17,2,12,182,436,0.0,8,1.0,2,10,0.16666666666666666,-21.166666666666668,0.0,0.5,-254,0.48767482517482513
Hawai'i Rainbow Warriors,2016,17,4,11,257,411,4.0,8,2.0,4,7,0.36363636363636365,-14.0,0.5,0.5,-154,0.4740199194744649
Hawai'i Rainbow Warriors,2017,17,1,9,174,324,1.0,8,0.0,1,8,0.1111111111111111,-16.666666666666668,0.125,0.0,-150,0.47804972804972806
Hawai'i Rainbow Warriors,2018,17,6,9,288,333,5.0,8,4.0,4,3,0.6666666666666666,-5.0,0.625,1.0,-45,0.4311102477769145
Hawai'i Rainbow Warriors,2019,17,7,12,383,397,5.0,9,4.0,5,5,0.5833333333333334,-1.1666666666666667,0.5555555555555556,0.8,-14,0.47878787878787876
Hawai'i Rainbow Warriors,2020,17,5,9,236,248,4.0,8,2.0,2,4,0.5555555555555556,-1.3333333333333333,0.5,1.0,-12,0.51168430335097
Hawai'i Rainbow Warriors,2021,17,3,10,236,318,3.0,8,2.0,4,7,0.3,-8.2,0.375,0.5,-82,0.5275757575757576
Hawai'i Rainbow Warriors,2022,17,2,10,190,343,2.0,8,1.0,5,8,0.2,-15.3,0.25,0.2,-153,0.4906410256410256
Hawai'i Rainbow Warriors,2023,17,3,11,227,382,3.0,8,1.0,3,8,0.2727272727272727,-14.090909090909092,0.375,0.3333333333333333,-155,0.4228191000918274
Hawai'i Rainbow Warriors,2024,17,3,9,184,260,3.0,7,1.0,4,6,0.3333333333333333,-8.444444444444445,0.42857142857142855,0.25,-76,0.4444703444703445
Hawai'i Rainbow Warriors,2025,17,7,11,317,290,5.0,8,2.0,4,4,0.6363636363636364,2.4545454545454546,0.625,0.5,27,0.4308539944903581
Houston Cougars,2015,151,12,13,514,266,8.0,9,3.0,4,1,0.9230769230769231,19.076923076923077,0.8888888888888888,0.75,248,0.43682983682983684
Houston Cougars,2016,151,8,12,424,305,5.0,8,2.0,4,4,0.6666666666666666,9.916666666666666,0.625,0.5,119,0.4812062937062937
Houston Cougars,2017,151,6,11,301,283,5.0,8,3.0,7,5,0.5454545454545454,1.6363636363636365,0.625,0.42857142857142855,18,0.49146005509641877
Houston Cougars,2018,151,6,10,442,372,5.0,8,0.0,0,4,0.6,7.0,0.625,0.0,70,0.3996037296037296
Houston Cougars,2019,151,2,10,285,366,2.0,8,1.0,4,8,0.2,-8.1,0.25,0.25,-81,0.591002331002331
Houston Cougars,2020,151,3,7,214,213,3.0,6,0.0,1,4,0.42857142857142855,0.14285714285714285,0.5,0.0,1,0.5055555555555555
Houston Cougars,2021,151,9,11,368,262,8.0,9,3.0,3,2,0.8181818181818182,9.636363636363637,0.8888888888888888,1.0,106,0.41854912764003677
Houston Cougars,2022,151,6,11,398,356,5.0,8,3.0,6,5,0.5454545454545454,3.8181818181818183,0.625,0.5,42,0.4269054178145087
Houston Cougars,2023,4,3,11,246,371,2.0,9,3.0,5,8,0.2727272727272727,-11.363636363636363,0.2222222222222222,0.6,-125,0.5210244301153392
Houston Cougars,2024,4,4,12,168,275,3.0,9,2.0,3,8,0.3333333333333333,-8.916666666666666,0.3333333333333333,0.6666666666666666,-107,0.5335081585081586
Houston Cougars,2025,4,9,12,351,297,6.0,9,5.0,6,3,0.75,4.5,0.6666666666666666,0.8333333333333334,54,0.3878108003108003
Idaho Vandals,2015,37,3,11,323,467,3.0,8,2.0,4,8,0.2727272727272727,-13.090909090909092,0.375,0.5,-144,0.4604895104895105
Idaho Vandals,2016,37,8,12,380,390,6.0,8,3.0,3,4,0.6666666666666666,-0.8333333333333334,0.75,1.0,-10,0.4438714063714064
Idaho Vandals,2017,37,3,11,223,303,3.0,8,1.0,6,8,0.2727272727272727,-7.2727272727272725,0.375,0.16666666666666666,-80,0.482277318640955
Illinois Fighting Illini,2015,5,3,10,201,254,2.0,8,1.0,1,7,0.3,-5.3,0.25,1.0,-53,0.5735314685314685
Illinois Fighting Illini,2016,5,2,11,184,380,2.0,9,1.0,2,9,0.18181818181818182,-17.818181818181817,0.2222222222222222,0.5,-196,0.5469353878444788
Illinois Fighting Illini,2017,5,1,11,165,371,0.0,9,1.0,2,10,0.09090909090909091,-18.727272727272727,0.0,0.5,-206,0.5277601186692096
Illinois Fighting Illini,2018,5,3,11,278,459,2.0,9,1.0,2,8,0.2727272727272727,-16.454545454545453,0.2222222222222222,0.5,-181,0.4557109557109557
Illinois Fighting Illini,2019,5,6,13,347,340,4.0,9,2.0,4,7,0.46153846153846156,0.5384615384615384,0.4444444444444444,0.5,7,0.41000153692461383
Illinois Fighting Illini,2020,5,2,8,161,279,2.0,8,1.0,2,6,0.25,-14.75,0.25,0.5,-118,0.501736111111111
Illinois Fighting Illini,2021,5,4,10,188,212,4.0,9,1.0,4,6,0.4,-2.4,0.4444444444444444,0.25,-24,0.5113664113664114
Illinois Fighting Illini,2022,5,7,12,284,166,5.0,9,1.0,4,5,0.5833333333333334,9.833333333333334,0.5555555555555556,0.25,118,0.45933048433048435
Illinois Fighting Illini,2023,5,5,12,294,353,3.0,9,5.0,8,7,0.4166666666666667,-4.916666666666667,0.3333333333333333,0.625,-59,0.5115440115440115
Illinois Fighting Illini,2024,5,9,12,323,282,6.0,9,5.0,5,3,0.75,3.4166666666666665,0.6666666666666666,1.0,41,0.49247280497280493
Illinois Fighting Illini,2025,5,8,12,330,304,5.0,9,3.0,3,4,0.6666666666666666,2.1666666666666665,0.5555555555555556,1.0,26,0.5523310023310023
Indiana Hoosiers,2015,5,3,10,353,385,2.0,8,1.0,5,7,0.3,-3.2,0.25,0.2,-32,0.4995526695526696
Indiana Hoosiers,2016,5,5,12,301,341,4.0,9,4.0,7,7,0.4166666666666667,-3.3333333333333335,0.4444444444444444,0.5714285714285714,-40,0.48383607133607137
Indiana Hoosiers,2017,5,4,11,295,304,2.0,9,0.0,3,7,0.36363636363636365,-0.8181818181818182,0.2222222222222222,0.0,-9,0.5317440135621954
Indiana Hoosiers,2018,5,4,11,279,331,2.0,9,3.0,6,7,0.36363636363636365,-4.7272727272727275,0.2222222222222222,0.5,-52,0.5454242726969999
Indiana Hoosiers,2019,5,7,12,361,317,5.0,9,3.0,5,5,0.5833333333333334,3.6666666666666665,0.5555555555555556,0.6,44,0.41737567987567986
Indiana Hoosiers,2020,5,6,8,231,162,6.0,7,1.0,3,2,0.75,8.625,0.8571428571428571,0.3333333333333333,69,0.46790674603174603
Indiana Hoosiers,2021,5,0,10,118,354,0.0,9,0.0,2,10,0.0,-23.6,0.0,0.0,-236,0.6905344655344655
Indiana Hoosiers,2022,5,2,10,211,355,2.0,9,1.0,3,8,0.2,-14.4,0.2222222222222222,0.3333333333333333,-144,0.5898018648018648
Indiana Hoosiers,2023,5,2,11,225,352,1.0,9,2.0,6,9,0.18181818181818182,-11.545454545454545,0.1111111111111111,0.3333333333333333,-127,0.5390336935791481
Indiana Hoosiers,2024,5,9,10,412,166,8.0,9,1.0,1,1,0.9,24.6,0.8888888888888888,1.0,246,0.396993006993007
Indiana Hoosiers,2025,5,14,14,537,178,11.0,11,4.0,4,0,1.0,25.642857142857142,1.0,1.0,359,0.5531266352694925
Iowa Hawkeyes,2015,5,10,12,340,255,8.0,9,3.0,4,2,0.8333333333333334,7.083333333333333,0.8888888888888888,0.75,85,0.48655094905094903
Iowa Hawkeyes,2016,5,8,12,303,222,6.0,9,3.0,4,4,0.6666666666666666,6.75,0.6666666666666666,0.75,81,0.5160048285048285
Iowa Hawkeyes,2017,5,7,12,336,245,4.0,9,3.0,6,5,0.5833333333333334,7.583333333333333,0.4444444444444444,0.5,91,0.6073232323232324
Iowa Hawkeyes,2018,5,8,12,367,217,5.0,9,2.0,5,4,0.6666666666666666,12.5,0.5555555555555556,0.4,150,0.5016996891996892
Iowa Hawkeyes,2019,5,9,12,287,179,6.0,9,4.0,7,3,0.75,9.0,0.6666666666666666,0.5714285714285714,108,0.515458152958153
Iowa Hawkeyes,2020,5,6,8,254,128,6.0,8,1.0,3,2,0.75,15.75,0.75,0.3333333333333333,126,0.4332837301587301
Iowa Hawkeyes,2021,5,10,14,328,269,7.0,10,4.0,5,4,0.7142857142857143,4.214285714285714,0.7,0.8,59,0.4806550592264878
Iowa Hawkeyes,2022,5,7,12,223,170,5.0,9,1.0,4,5,0.5833333333333334,4.416666666666667,0.5555555555555556,0.25,53,0.4533119658119658
Iowa Hawkeyes,2023,5,10,14,216,207,7.0,10,5.0,6,4,0.7142857142857143,0.6428571428571429,0.7,0.8333333333333334,9,0.49512987012987014
Iowa Hawkeyes,2024,5,7,12,320,232,6.0,9,1.0,4,5,0.5833333333333334,7.333333333333333,0.6666666666666666,0.25,88,0.4755924630924631
Iowa Hawkeyes,2025,5,8,12,347,202,6.0,9,3.0,7,4,0.6666666666666666,12.083333333333334,0.6666666666666666,0.42857142857142855,145,0.5348124098124097
Iowa State Cyclones,2015,4,2,11,269,385,2.0,9,0.0,3,9,0.18181818181818182,-10.545454545454545,0.2222222222222222,0.0,-116,0.5944161898707353
Iowa State Cyclones,2016,4,3,11,312,351,2.0,9,1.0,4,8,0.2727272727272727,-3.5454545454545454,0.2222222222222222,0.25,-39,0.49648230557321466
Iowa State Cyclones,2017,4,7,12,338,248,5.0,9,3.0,7,5,0.5833333333333334,7.5,0.5555555555555556,0.42857142857142855,90,0.5265442890442891
Iowa State Cyclones,2018,4,7,12,321,274,6.0,9,2.0,4,5,0.5833333333333334,3.9166666666666665,0.6666666666666666,0.5,47,0.528968253968254
Iowa State Cyclones,2019,4,6,11,380,278,5.0,9,1.0,5,5,0.5454545454545454,9.272727272727273,0.5555555555555556,0.2,102,0.5007522780250053
Iowa State Cyclones,2020,4,9,12,395,257,8.0,10,4.0,6,3,0.75,11.5,0.8,0.6666666666666666,138,0.5387806637806638
Iowa State Cyclones,2021,4,6,12,391,257,5.0,9,1.0,6,6,0.5,11.166666666666666,0.5555555555555556,0.16666666666666666,134,0.5345238095238095
Iowa State Cyclones,2022,4,3,11,200,233,1.0,9,1.0,7,8,0.2727272727272727,-3.0,0.1111111111111111,0.14285714285714285,-33,0.556148397057488
Iowa State Cyclones,2023,4,6,12,311,287,6.0,9,2.0,5,6,0.5,2.0,0.6666666666666666,0.4,24,0.5744644244644245
Iowa State Cyclones,2024,4,10,13,414,318,7.0,10,4.0,5,3,0.7692307692307693,7.384615384615385,0.7,0.8,96,0.5058941058941059
Iowa State Cyclones,2025,4,7,11,274,235,5.0,9,4.0,6,4,0.6363636363636364,3.5454545454545454,0.5555555555555556,0.6666666666666666,39,0.4935897435897436
James Madison Dukes,2022,37,6,9,300,216,6.0,8,2.0,3,3,0.6666666666666666,9.333333333333334,0.75,0.6666666666666666,84,0.3927307260640594
James Madison Dukes,2023,37,9,11,361,244,7.0,8,4.0,5,2,0.8181818181818182,10.636363636363637,0.875,0.8,117,0.49781733418097057
James Madison Dukes,2024,37,7,11,393,243,4.0,8,1.0,3,4,0.6363636363636364,13.636363636363637,0.5,0.3333333333333333,150,0.3754820936639119
James Madison Dukes,2025,37,10,12,443,234,9.0,9,2.0,2,2,0.8333333333333334,17.416666666666668,1.0,1.0,209,0.4849386724386724
Kansas Jayhawks,2015,4,0,11,145,512,0.0,9,0.0,1,11,0.0,-33.36363636363637,0.0,0.0,-367,0.5382178427632973
Kansas Jayhawks,2016,4,1,11,188,442,1.0,9,1.0,3,10,0.09090909090909091,-23.09090909090909,0.1111111111111111,0.3333333333333333,-254,0.5344140707777071
Kansas Jayhawks,2017,4,0,11,186,505,0.0,9,0.0,0,11,0.0,-29.0,0.0,0.0,-319,0.5683513456240729
Kansas Jayhawks,2018,4,3,11,263,334,1.0,9,1.0,3,8,0.2727272727272727,-6.454545454545454,0.1111111111111111,0.3333333333333333,-71,0.4517119244391972
Kansas Jayhawks,2019,4,2,11,258,416,1.0,9,1.0,4,9,0.18181818181818182,-14.363636363636363,0.1111111111111111,0.25,-158,0.5011655011655012
Kansas Jayhawks,2020,4,0,9,142,414,0.0,8,0.0,1,9,0.0,-30.22222222222222,0.0,0.0,-272,0.587598204264871
Kansas Jayhawks,2021,4,1,11,232,492,1.0,9,1.0,3,10,0.09090909090909091,-23.636363636363637,0.1111111111111111,0.3333333333333333,-260,0.5636363636363636
Kansas Jayhawks,2022,4,5,12,407,451,3.0,9,1.0,3,7,0.4166666666666667,-3.6666666666666665,0.3333333333333333,0.3333333333333333,-44,0.5363178488178488
Kansas Jayhawks,2023,4,8,12,404,328,5.0,9,3.0,6,4,0.6666666666666666,6.333333333333333,0.5555555555555556,0.5,76,0.5054709179709179
Kansas Jayhawks,2024,4,4,11,308,309,4.0,9,1.0,6,7,0.36363636363636365,-0.09090909090909091,0.4444444444444444,0.16666666666666666,-1,0.6582584082584083
Kansas Jayhawks,2025,4,4,11,291,314,3.0,9,1.0,3,7,0.36363636363636365,-2.090909090909091,0.3333333333333333,0.3333333333333333,-23,0.52361729179911
Kansas State Wildcats,2015,4,3,10,286,373,3.0,9,2.0,5,7,0.3,-8.7,0.3333333333333333,0.4,-87,0.5299184149184148
Kansas State Wildcats,2016,4,7,11,321,283,6.0,9,4.0,6,4,0.6363636363636364,3.4545454545454546,0.6666666666666666,0.6666666666666666,38,0.4937274846365755
Kansas State Wildcats,2017,4,6,11,310,301,5.0,9,3.0,7,5,0.5454545454545454,0.8181818181818182,0.5555555555555556,0.42857142857142855,9,0.4733488733488734
Kansas State Wildcats,2018,4,3,10,202,264,3.0,9,1.0,5,7,0.3,-6.2,0.3333333333333333,0.2,-62,0.5403679653679654
Kansas State Wildcats,2019,4,7,12,336,264,5.0,9,4.0,7,5,0.5833333333333334,6.0,0.5555555555555556,0.5714285714285714,72,0.4868848743848744
Kansas State Wildcats,2020,4,4,10,266,322,4.0,9,2.0,5,6,0.4,-5.6,0.4444444444444444,0.4,-56,0.4855050505050505
Kansas State Wildcats,2021,4,7,12,327,250,4.0,9,1.0,3,5,0.5833333333333334,6.416666666666667,0.4444444444444444,0.3333333333333333,77,0.49368686868686873
Kansas State Wildcats,2022,4,9,13,418,306,8.0,10,3.0,5,4,0.6923076923076923,8.615384615384615,0.8,0.6,112,0.5593739593739594
Kansas State Wildcats,2023,4,8,12,437,273,6.0,9,1.0,4,4,0.6666666666666666,13.666666666666666,0.6666666666666666,0.25,164,0.5580350205350205
Kansas State Wildcats,2024,4,8,12,360,298,6.0,10,4.0,5,4,0.6666666666666666,5.166666666666667,0.6,0.8,62,0.508512321012321
Kansas State Wildcats,2025,4,5,11,315,285,5.0,10,0.0,5,6,0.45454545454545453,2.727272727272727,0.5,0.0,30,0.4912481457936003
Kent State Golden Flashes,2015,15,2,10,83,264,2.0,8,2.0,4,8,0.2,-18.1,0.25,0.5,-181,0.4637945387945388
Kent State Golden Flashes,2016,15,2,10,184,298,2.0,8,1.0,4,8,0.2,-11.4,0.25,0.25,-114,0.5286996336996337
Kent State Golden Flashes,2017,15,1,10,115,369,1.0,8,1.0,1,9,0.1,-25.4,0.125,1.0,-254,0.523958818958819
Kent State Golden Flashes,2018,15,1,11,233,426,1.0,8,1.0,4,10,0.09090909090909091,-17.545454545454547,0.125,0.25,-193,0.472165713074804
Kent State Golden Flashes,2019,15,6,12,354,391,5.0,8,2.0,5,6,0.5,-3.0833333333333335,0.625,0.4,-37,0.4693787693787694
Kent State Golden Flashes,2020,15,3,4,199,152,3.0,4,1.0,1,1,0.75,11.75,0.75,1.0,47,0.33333333333333337
Kent State Golden Flashes,2021,15,6,13,402,498,6.0,9,4.0,4,7,0.46153846153846156,-7.384615384615385,0.6666666666666666,1.0,-96,0.46861728015574167
Kent State Golden Flashes,2022,15,4,11,278,338,4.0,8,3.0,6,7,0.36363636363636365,-5.454545454545454,0.5,0.5,-60,0.5494490358126721
Kent State Golden Flashes,2023,15,0,11,138,405,0.0,8,0.0,1,11,0.0,-24.272727272727273,0.0,0.0,-267,0.4495867768595041
Kent State Golden Flashes,2024,15,0,11,150,506,0.0,8,0.0,1,11,0.0,-32.36363636363637,0.0,0.0,-356,0.5246097337006428
Kent State Golden Flashes,2025,15,4,11,234,386,4.0,8,3.0,5,7,0.36363636363636365,-13.818181818181818,0.5,0.6,-152,0.40460902733630005
Kentucky Wildcats,2015,8,3,10,204,292,2.0,8,2.0,5,7,0.3,-8.8,0.25,0.4,-88,0.48569541569541574
Kentucky Wildcats,2016,8,6,11,306,350,4.0,8,4.0,5,5,0.5454545454545454,-4.0,0.5,0.8,-44,0.5226213180758635
Kentucky Wildcats,2017,8,5,11,281,334,4.0,8,3.0,6,6,0.45454545454545453,-4.818181818181818,0.5,0.5,-53,0.488955993501448
Kentucky Wildcats,2018,8,8,11,264,186,5.0,8,3.0,4,3,0.7272727272727273,7.090909090909091,0.625,0.75,78,0.45765698947517125
Kentucky Wildcats,2019,8,7,12,303,244,3.0,8,2.0,3,5,0.5833333333333334,4.916666666666667,0.375,0.6666666666666666,59,0.4663720538720539
Kentucky Wildcats,2020,8,5,11,240,285,4.0,10,2.0,3,6,0.45454545454545453,-4.090909090909091,0.4,0.6666666666666666,-45,0.5011019283746556
Kentucky Wildcats,2021,8,8,11,336,243,5.0,8,4.0,5,3,0.7272727272727273,8.454545454545455,0.625,0.8,93,0.4535343444434354
Kentucky Wildcats,2022,8,6,12,234,250,3.0,8,1.0,3,6,0.5,-1.3333333333333333,0.375,0.3333333333333333,-16,0.5498931623931624
Kentucky Wildcats,2023,8,6,12,350,319,3.0,8,1.0,4,6,0.5,2.5833333333333335,0.375,0.25,31,0.49965034965034966
Kentucky Wildcats,2024,8,3,11,199,259,1.0,8,1.0,3,8,0.2727272727272727,-5.454545454545454,0.125,0.3333333333333333,-60,0.6044421487603305
Kentucky Wildcats,2025,8,4,11,234,307,2.0,8,1.0,3,7,0.36363636363636365,-6.636363636363637,0.25,0.3333333333333333,-73,0.5646247691702236
LSU Tigers,2015,8,8,11,346,271,5.0,8,2.0,2,3,0.7272727272727273,6.818181818181818,0.625,1.0,75,0.5176520449247722
LSU Tigers,2016,8,6,10,261,166,5.0,8,1.0,4,4,0.6,9.5,0.625,0.25,95,0.5628488178488179
LSU Tigers,2017,8,7,10,265,215,6.0,8,2.0,3,3,0.7,5.0,0.75,0.6666666666666666,50,0.49275058275058276
LSU Tigers,2018,8,7,10,310,252,5.0,8,2.0,3,3,0.7,5.8,0.625,0.6666666666666666,58,0.5892207792207792
LSU Tigers,2019,8,14,14,661,314,9.0,9,3.0,3,0,1.0,24.785714285714285,1.0,1.0,347,0.5620879120879121
LSU Tigers,2020,8,5,10,320,349,5.0,10,3.0,4,5,0.5,-2.9,0.5,0.75,-29,0.49757575757575756
LSU Tigers,2021,8,5,12,311,339,3.0,8,3.0,6,7,0.4166666666666667,-2.3333333333333335,0.375,0.5,-28,0.5734848484848485
LSU Tigers,2022,8,8,12,377,288,6.0,9,3.0,4,4,0.6666666666666666,7.416666666666667,0.6666666666666666,0.75,89,0.5569444444444445
LSU Tigers,2023,8,8,11,458,354,6.0,8,2.0,3,3,0.7272727272727273,9.454545454545455,0.75,0.6666666666666666,104,0.5662004662004662
LSU Tigers,2024,8,8,12,352,295,5.0,8,3.0,4,4,0.6666666666666666,4.75,0.625,0.75,57,0.5556818181818182
LSU Tigers,2025,8,4,10,205,231,3.0,8,2.0,6,6,0.4,-2.6,0.375,0.3333333333333333,-26,0.5785064935064935
Louisiana Monroe Warhawks,2015,37,1,12,226,475,1.0,8,1.0,3,11,0.08333333333333333,-20.75,0.125,0.3333333333333333,-249,0.4822261072261072
Louisiana Monroe Warhawks,2016,37,3,11,242,448,3.0,8,2.0,4,8,0.2727272727272727,-18.727272727272727,0.375,0.5,-206,0.5094299639754185
Louisiana Monroe Warhawks,2017,37,4,11,390,464,4.0,8,2.0,2,7,0.36363636363636365,-6.7272727272727275,0.5,1.0,-74,0.45802429893338986
Louisiana Ragin' Cajuns,2015,37,3,10,259,322,3.0,8,2.0,5,7,0.3,-6.3,0.375,0.4,-63,0.4166666666666667
Louisiana Ragin' Cajuns,2016,37,5,11,256,279,5.0,8,3.0,5,6,0.45454545454545453,-2.090909090909091,0.625,0.6,-23,0.45275482093663916
Louisiana Ragin' Cajuns,2017,37,4,11,287,432,4.0,8,2.0,3,7,0.36363636363636365,-13.181818181818182,0.5,0.6666666666666666,-145,0.38044077134986226
Louisiana Ragin' Cajuns,2018,37,5,12,332,424,5.0,9,2.0,3,7,0.4166666666666667,-7.666666666666667,0.5555555555555556,0.6666666666666666,-92,0.5037698412698413
Louisiana Ragin' Cajuns,2019,37,9,12,419,256,7.0,9,1.0,2,3,0.75,13.583333333333334,0.7777777777777778,0.5,163,0.4713869463869464
Louisiana Ragin' Cajuns,2020,37,8,9,315,198,7.0,8,4.0,5,1,0.8888888888888888,13.0,0.875,0.8,117,0.4876543209876544
Louisiana Ragin' Cajuns,2021,37,10,11,330,200,9.0,9,4.0,4,1,0.9090909090909091,11.818181818181818,1.0,1.0,130,0.37943067033976124
Louisiana Ragin' Cajuns,2022,37,5,11,295,257,4.0,8,0.0,4,6,0.45454545454545453,3.4545454545454546,0.5,0.0,38,0.5129017447199264
Louisiana Ragin' Cajuns,2023,37,5,11,349,325,3.0,8,2.0,6,6,0.45454545454545453,2.1818181818181817,0.375,0.3333333333333333,24,0.39498834498834495
Louisiana Ragin' Cajuns,2024,37,8,12,359,318,7.0,9,2.0,3,4,0.6666666666666666,3.4166666666666665,0.7777777777777778,0.6666666666666666,41,0.44597902097902103
Louisiana Ragin' Cajuns,2025,37,5,11,291,350,5.0,8,4.0,6,6,0.45454545454545453,-5.363636363636363,0.625,0.6666666666666666,-59,0.4452708907254362
Louisville Cardinals,2015,1,7,12,328,310,5.0,8,5.0,8,5,0.5833333333333334,1.5,0.625,0.625,18,0.48877881377881377
Louisville Cardinals,2016,1,7,11,424,267,7.0,8,1.0,3,4,0.6363636363636364,14.272727272727273,0.875,0.3333333333333333,157,0.49851108487472123
Louisville Cardinals,2017,1,7,12,440,346,4.0,8,2.0,4,5,0.5833333333333334,7.833333333333333,0.5,0.5,94,0.4747280497280497
Louisville Cardinals,2018,1,0,10,186,505,0.0,8,0.0,1,10,0.0,-31.9,0.0,0.0,-319,0.6555844155844156
Louisville Cardinals,2019,1,6,10,333,378,5.0,8,3.0,3,4,0.6,-4.5,0.625,1.0,-45,0.49594405594405594
Louisville Cardinals,2020,1,3,10,290,272,3.0,10,0.0,4,7,0.3,1.8,0.3,0.0,18,0.4548232323232323
Louisville Cardinals,2021,1,5,12,381,352,4.0,8,1.0,5,7,0.4166666666666667,2.4166666666666665,0.5,0.2,29,0.5787878787878787
Louisville Cardinals,2022,1,8,13,350,249,4.0,8,1.0,3,5,0.6153846153846154,7.769230769230769,0.5,0.3333333333333333,101,0.5108780108780109
Louisville Cardinals,2023,1,8,12,341,278,7.0,9,5.0,6,4,0.6666666666666666,5.25,0.7777777777777778,0.8333333333333334,63,0.49098679098679093
Louisville Cardinals,2024,1,7,10,339,268,5.0,8,3.0,6,3,0.7,7.1,0.625,0.5,71,0.5000932400932401
Louisville Cardinals,2025,1,8,12,338,258,4.0,8,3.0,6,4,0.6666666666666666,6.666666666666667,0.5,0.5,80,0.5052521552521553
Marshall Thundering Herd,2022,37,5,9,181,163,5.0,8,2.0,3,4,0.5555555555555556,2.0,0.625,0.6666666666666666,18,0.5033670033670034
Marshall Thundering Herd,2023,37,5,12,275,356,3.0,8,3.0,4,7,0.4166666666666667,-6.75,0.375,0.75,-81,0.5289821289821289
Marshall Thundering Herd,2024,37,9,12,369,297,8.0,9,4.0,5,3,0.75,6.0,0.8888888888888888,0.8,72,0.45235042735042735
Marshall Thundering Herd,2025,37,3,9,269,307,3.0,8,1.0,4,6,0.3333333333333333,-4.222222222222222,0.375,0.25,-38,0.5115255115255115
Maryland Terrapins,2015,5,2,11,246,392,1.0,8,1.0,3,9,0.18181818181818182,-13.272727272727273,0.125,0.3333333333333333,-146,0.6418505736687554
Maryland Terrapins,2016,5,4,11,242,357,3.0,9,1.0,3,7,0.36363636363636365,-10.454545454545455,0.3333333333333333,0.3333333333333333,-115,0.4889781935236481
Maryland Terrapins,2017,5,3,11,226,428,2.0,9,2.0,3,8,0.2727272727272727,-18.363636363636363,0.2222222222222222,0.6666666666666666,-202,0.6695804195804196
Maryland Terrapins,2018,5,5,12,342,344,3.0,9,1.0,3,7,0.4166666666666667,-0.16666666666666666,0.3333333333333333,0.3333333333333333,-2,0.5368173493173493
Maryland Terrapins,2019,5,2,11,224,416,1.0,9,0.0,3,9,0.18181818181818182,-17.454545454545453,0.1111111111111111,0.0,-192,0.5404428904428905
Maryland Terrapins,2020,5,2,5,118,160,2.0,5,1.0,2,3,0.4,-8.4,0.4,0.5,-42,0.5468253968253969
Maryland Terrapins,2021,5,6,12,319,399,3.0,9,3.0,3,6,0.5,-6.666666666666667,0.3333333333333333,1.0,-80,0.5366341991341991
Maryland Terrapins,2022,5,7,12,310,280,4.0,9,4.0,6,5,0.5833333333333334,2.5,0.4444444444444444,0.6666666666666666,30,0.5106934731934732
Maryland Terrapins,2023,5,7,12,348,286,4.0,9,1.0,4,5,0.5833333333333334,5.166666666666667,0.4444444444444444,0.25,62,0.4642676767676768
Maryland Terrapins,2024,5,2,10,196,338,1.0,9,1.0,2,8,0.2,-14.2,0.1111111111111111,0.5,-142,0.5976107226107226
Maryland Terrapins,2025,5,3,11,238,301,1.0,9,0.0,3,8,0.2727272727272727,-5.7272727272727275,0.1111111111111111,0.0,-63,0.4727166772621318
Massachusetts Minutemen,2015,15,2,10,215,301,2.0,8,1.0,5,8,0.2,-8.6,0.25,0.2,-86,0.4112770562770563
Massachusetts Minutemen,2025,15,0,11,107,436,0.0,8,0.0,1,11,0.0,-29.90909090909091,0.0,0.0,-329,0.4505509641873278
Memphis Tigers,2015,151,8,12,459,348,5.0,8,3.0,4,4,0.6666666666666666,9.25,0.625,0.75,111,0.5279872904872905
Memphis Tigers,2016,151,7,11,439,307,5.0,8,2.0,3,4,0.6363636363636364,12.0,0.625,0.6666666666666666,132,0.47561983471074376
Memphis Tigers,2017,151,9,12,548,391,7.0,9,3.0,5,3,0.75,13.083333333333334,0.7777777777777778,0.6,157,0.49464840714840713
Memphis Tigers,2018,151,7,13,535,433,5.0,9,0.0,3,6,0.5384615384615384,7.846153846153846,0.5555555555555556,0.0,102,0.40920745920745916
Memphis Tigers,2019,151,11,13,511,346,8.0,9,4.0,5,2,0.8461538461538461,12.692307692307692,0.8888888888888888,0.8,165,0.49258561950869645
Memphis Tigers,2020,151,6,9,260,283,5.0,8,4.0,5,3,0.6666666666666666,-2.5555555555555554,0.625,0.8,-23,0.4236772486772487
Memphis Tigers,2021,151,5,10,291,303,3.0,8,4.0,7,5,0.5,-1.2,0.375,0.5714285714285714,-12,0.42161616161616167
Memphis Tigers,2022,151,5,11,356,304,3.0,8,0.0,4,6,0.45454545454545453,4.7272727272727275,0.375,0.0,52,0.47112029384756654
Memphis Tigers,2023,151,9,12,456,360,6.0,8,4.0,6,3,0.75,8.0,0.75,0.6666666666666666,96,0.4711376586376586
Memphis Tigers,2024,151,9,11,400,303,6.0,8,3.0,3,2,0.8181818181818182,8.818181818181818,0.75,1.0,97,0.40828565374019915
Memphis Tigers,2025,151,7,12,377,291,4.0,8,2.0,5,5,0.5833333333333334,7.166666666666667,0.5,0.4,86,0.46282467532467536
Miami (OH) RedHawks,2015,15,2,10,175,321,2.0,8,1.0,4,8,0.2,-14.6,0.25,0.25,-146,0.4327389277389277
Miami (OH) RedHawks,2016,15,6,11,256,257,6.0,8,2.0,4,5,0.5454545454545454,-0.09090909090909091,0.75,0.5,-1,0.3565268065268066
Miami (OH) RedHawks,2017,15,4,9,219,196,4.0,8,0.0,3,5,0.4444444444444444,2.5555555555555554,0.5,0.0,23,0.3475308641975309
Miami (OH) RedHawks,2018,15,6,10,279,240,6.0,8,2.0,3,4,0.6,3.9,0.75,0.6666666666666666,39,0.4727272727272728
Miami (OH) RedHawks,2019,15,7,13,290,377,7.0,9,5.0,5,6,0.5384615384615384,-6.6923076923076925,0.7777777777777778,1.0,-87,0.5283904130057976
Miami (OH) RedHawks,2020,15,2,3,86,80,2.0,3,1.0,1,1,0.6666666666666666,2.0,0.6666666666666666,1.0,6,0.625
Miami (OH) RedHawks,2021,15,5,10,297,256,5.0,8,1.0,5,5,0.5,4.1,0.625,0.2,41,0.44068764568764573
Miami (OH) RedHawks,2022,15,5,11,212,256,4.0,8,4.0,7,6,0.45454545454545453,-4.0,0.5,0.5714285714285714,-44,0.3931129476584022
Miami (OH) RedHawks,2023,15,9,12,256,175,8.0,9,2.0,4,3,0.75,6.75,0.8888888888888888,0.5,81,0.41908508158508156
Miami (OH) RedHawks,2024,15,8,12,311,215,7.0,9,1.0,2,4,0.6666666666666666,8.0,0.7777777777777778,0.5,96,0.4154882154882155
Miami (OH) RedHawks,2025,15,6,13,291,304,6.0,9,0.0,2,7,0.46153846153846156,-1.0,0.6666666666666666,0.0,-13,0.4710955710955711
Miami Hurricanes,2015,1,6,11,272,346,5.0,8,4.0,6,5,0.5454545454545454,-6.7272727272727275,0.625,0.6666666666666666,-74,0.5777177368086459
Miami Hurricanes,2016,1,7,10,311,198,5.0,8,0.0,2,3,0.7,11.3,0.625,0.0,113,0.5344444444444444
Miami Hurricanes,2017,1,8,11,296,252,7.0,9,3.0,3,3,0.7272727272727273,4.0,0.7777777777777778,1.0,44,0.5178356996538814
Miami Hurricanes,2018,1,5,11,266,236,4.0,8,1.0,3,6,0.45454545454545453,2.727272727272727,0.5,0.3333333333333333,30,0.49247015610651973
Miami Hurricanes,2019,1,5,10,247,219,4.0,8,2.0,6,5,0.5,2.8,0.5,0.3333333333333333,28,0.517979797979798
Miami Hurricanes,2020,1,7,10,343,283,7.0,9,3.0,4,3,0.7,6.0,0.7777777777777778,0.75,60,0.49126262626262623
Miami Hurricanes,2021,1,6,11,340,341,5.0,8,4.0,7,5,0.5454545454545454,-0.09090909090909091,0.625,0.5714285714285714,-1,0.5530303030303031
Miami Hurricanes,2022,1,4,10,182,263,3.0,8,2.0,3,6,0.4,-8.1,0.375,0.6666666666666666,-81,0.5065151515151515
Miami Hurricanes,2023,1,6,12,361,289,3.0,8,1.0,5,6,0.5,6.0,0.375,0.2,72,0.5435897435897435
Miami Hurricanes,2024,1,9,12,515,320,6.0,8,3.0,6,3,0.75,16.25,0.75,0.5,195,0.4821095571095571
Miami Hurricanes,2025,1,11,14,423,210,6.0,8,3.0,6,3,0.7857142857142857,15.214285714285714,0.75,0.5,213,0.5754880040594327
Michigan State Spartans,2015,5,12,14,417,304,8.0,9,6.0,7,2,0.8571428571428571,8.071428571428571,0.8888888888888888,0.8571428571428571,113,0.5265401265401265
Michigan State Spartans,2016,5,1,9,211,261,1.0,9,0.0,3,8,0.1111111111111111,-5.555555555555555,0.1111111111111111,0.0,-50,0.5359085359085358
Michigan State Spartans,2017,5,10,12,301,222,7.0,9,4.0,4,2,0.8333333333333334,6.583333333333333,0.7777777777777778,1.0,79,0.5211829836829837
Michigan State Spartans,2018,5,7,13,243,223,5.0,9,3.0,6,6,0.5384615384615384,1.5384615384615385,0.5555555555555556,0.5,20,0.5145282068358992
Michigan State Spartans,2019,5,7,13,291,293,4.0,9,2.0,4,6,0.5384615384615384,-0.15384615384615385,0.4444444444444444,0.5,-2,0.4989830682138375
Michigan State Spartans,2020,5,2,7,126,246,2.0,7,1.0,1,5,0.2857142857142857,-17.142857142857142,0.2857142857142857,1.0,-120,0.6091269841269842
Michigan State Spartans,2021,5,9,11,324,284,7.0,9,4.0,4,2,0.8181818181818182,3.6363636363636362,0.7777777777777778,1.0,40,0.49299942481760667
Michigan State Spartans,2022,5,5,12,293,329,3.0,9,2.0,2,7,0.4166666666666667,-3.0,0.3333333333333333,1.0,-36,0.5524864024864025
Michigan State Spartans,2023,5,3,11,146,326,2.0,9,2.0,3,8,0.2727272727272727,-16.363636363636363,0.2222222222222222,0.6666666666666666,-180,0.6059289195652832
Michigan State Spartans,2024,5,4,11,192,313,3.0,9,3.0,5,7,0.36363636363636365,-11.0,0.3333333333333333,0.6,-121,0.5367380094652823
Michigan State Spartans,2025,5,3,11,254,335,1.0,9,1.0,3,8,0.2727272727272727,-7.363636363636363,0.1111111111111111,0.3333333333333333,-81,0.538602811330084
Michigan Wolverines,2015,5,9,12,377,213,6.0,8,2.0,4,3,0.75,13.666666666666666,0.75,0.5,164,0.49018342768342765
Michigan Wolverines,2016,5,10,13,524,183,7.0,9,1.0,4,3,0.7692307692307693,26.23076923076923,0.7777777777777778,0.25,341,0.4936900706131475
Michigan Wolverines,2017,5,8,13,328,245,5.0,9,1.0,3,5,0.6153846153846154,6.384615384615385,0.5555555555555556,0.3333333333333333,83,0.5299892415277031
Michigan Wolverines,2018,5,10,12,440,228,8.0,9,1.0,1,2,0.8333333333333334,17.666666666666668,0.8888888888888888,1.0,212,0.5247585747585748
Michigan Wolverines,2019,5,6,10,303,213,6.0,9,1.0,2,4,0.6,9.0,0.6666666666666666,0.5,90,0.5785847485847486
Michigan Wolverines,2020,5,2,6,170,207,2.0,6,1.0,2,4,0.3333333333333333,-6.166666666666667,0.3333333333333333,0.5,-37,0.4689153439153439
Michigan Wolverines,2021,5,12,14,501,243,9.0,10,3.0,4,2,0.8571428571428571,18.428571428571427,0.9,0.75,258,0.5205925027353598
Michigan Wolverines,2022,5,12,13,507,225,10.0,10,2.0,3,1,0.9230769230769231,21.692307692307693,1.0,0.6666666666666666,282,0.49605778836548065
Michigan Wolverines,2023,5,15,15,538,156,10.0,10,3.0,3,0,1.0,25.466666666666665,1.0,1.0,382,0.5282872682872682
Michigan Wolverines,2024,5,8,13,286,259,5.0,9,5.0,6,5,0.6153846153846154,2.076923076923077,0.5555555555555556,0.8333333333333334,27,0.6196364532902995
Michigan Wolverines,2025,5,9,13,358,265,7.0,9,3.0,3,4,0.6923076923076923,7.153846153846154,0.7777777777777778,1.0,93,0.5209162632239555
Minnesota Golden Gophers,2015,5,6,13,292,327,2.0,8,4.0,7,7,0.46153846153846156,-2.6923076923076925,0.25,0.5714285714285714,-35,0.5697776582391967
Minnesota Golden Gophers,2016,5,8,12,323,259,5.0,9,4.0,7,4,0.6666666666666666,5.333333333333333,0.5555555555555556,0.5714285714285714,64,0.47715478965478964
Minnesota Golden Gophers,2017,5,4,11,231,271,2.0,9,1.0,4,7,0.36363636363636365,-3.6363636363636362,0.2222222222222222,0.25,-40,0.49071130889312714
Minnesota Golden Gophers,2018,5,6,12,328,335,3.0,9,2.0,2,6,0.5,-0.5833333333333334,0.3333333333333333,1.0,-7,0.5547799422799423
Minnesota Golden Gophers,2019,5,10,12,415,272,7.0,9,5.0,6,2,0.8333333333333334,11.916666666666666,0.7777777777777778,0.8333333333333334,143,0.43662171162171165
Minnesota Golden Gophers,2020,5,3,7,191,211,3.0,7,2.0,4,4,0.42857142857142855,-2.857142857142857,0.42857142857142855,0.5,-20,0.4304421768707483
Minnesota Golden Gophers,2021,5,9,13,331,225,6.0,9,3.0,5,4,0.6923076923076923,8.153846153846153,0.6666666666666666,0.6,106,0.44159558390327625
Minnesota Golden Gophers,2022,5,7,11,267,170,5.0,9,2.0,3,4,0.6363636363636364,8.818181818181818,0.5555555555555556,0.6666666666666666,97,0.4185208730663276
Minnesota Golden Gophers,2023,5,6,13,272,347,3.0,9,3.0,5,7,0.46153846153846156,-5.769230769230769,0.3333333333333333,0.6,-75,0.5359922129152899
Minnesota Golden Gophers,2024,5,7,12,292,220,5.0,9,2.0,6,5,0.5833333333333334,6.0,0.5555555555555556,0.3333333333333333,72,0.49681429681429684
Minnesota Golden Gophers,2025,5,7,12,233,298,5.0,9,4.0,5,5,0.5833333333333334,-5.416666666666667,0.5555555555555556,0.8,-65,0.49295149295149293
Mississippi State Bulldogs,2015,8,6,10,306,253,4.0,8,1.0,2,4,0.6,5.3,0.5,0.5,53,0.5356410256410256
Mississippi State Bulldogs,2016,8,4,10,271,309,3.0,8,2.0,5,6,0.4,-3.8,0.375,0.4,-38,0.5288228438228438
Mississippi State Bulldogs,2017,8,5,9,241,218,4.0,8,2.0,4,4,0.5555555555555556,2.5555555555555554,0.5,0.5,23,0.602965552965553
Mississippi State Bulldogs,2018,8,6,11,263,162,4.0,8,0.0,2,5,0.5454545454545454,9.181818181818182,0.5,0.0,101,0.5514954742227469
Mississippi State Bulldogs,2019,8,4,11,276,353,3.0,8,1.0,2,7,0.36363636363636365,-7.0,0.375,0.5,-77,0.584435261707989
Mississippi State Bulldogs,2020,8,4,11,235,309,3.0,10,2.0,5,7,0.36363636363636365,-6.7272727272727275,0.3,0.4,-74,0.5606060606060607
Mississippi State Bulldogs,2021,8,5,11,288,293,4.0,8,1.0,4,6,0.45454545454545453,-0.45454545454545453,0.5,0.25,-5,0.5589531680440771
Mississippi State Bulldogs,2022,8,8,12,355,293,4.0,8,2.0,2,4,0.6666666666666666,5.166666666666667,0.5,1.0,62,0.5525252525252525
Mississippi State Bulldogs,2023,8,4,11,214,312,1.0,8,2.0,3,7,0.36363636363636365,-8.909090909090908,0.125,0.6666666666666666,-98,0.4977961432506887
Mississippi State Bulldogs,2024,8,0,10,209,382,0.0,8,0.0,1,10,0.0,-17.3,0.0,0.0,-173,0.6836093073593074
Mississippi State Bulldogs,2025,8,4,12,332,393,1.0,8,2.0,5,8,0.3333333333333333,-5.083333333333333,0.125,0.4,-61,0.5559144559144559
Missouri Tigers,2015,8,3,10,109,175,1.0,8,2.0,4,7,0.3,-6.6,0.125,0.5,-66,0.519079254079254
Missouri Tigers,2016,8,3,10,253,327,2.0,8,1.0,2,7,0.3,-7.4,0.25,0.5,-74,0.5377272727272727
Missouri Tigers,2017,8,6,12,416,371,4.0,8,1.0,2,6,0.5,3.75,0.5,0.5,45,0.4222416472416472
Missouri Tigers,2018,8,7,12,425,317,4.0,8,2.0,5,5,0.5833333333333334,9.0,0.5,0.4,108,0.5193843193843194
Missouri Tigers,2019,8,5,11,254,233,3.0,8,0.0,3,6,0.45454545454545453,1.9090909090909092,0.375,0.0,21,0.4487603305785124
Missouri Tigers,2020,8,5,10,267,323,5.0,10,3.0,3,5,0.5,-5.6,0.5,1.0,-56,0.4584848484848485
Missouri Tigers,2021,8,4,10,249,353,3.0,8,2.0,4,6,0.4,-10.4,0.375,0.5,-104,0.5423076923076924
Missouri Tigers,2022,8,3,10,192,272,3.0,8,2.0,6,7,0.3,-8.0,0.375,0.3333333333333333,-80,0.5705944055944057
Missouri Tigers,2023,8,9,11,365,242,6.0,8,3.0,3,2,0.8181818181818182,11.181818181818182,0.75,1.0,123,0.5416295825386735
Missouri Tigers,2024,8,8,11,280,262,5.0,8,6.0,7,3,0.7272727272727273,1.6363636363636365,0.625,0.8571428571428571,18,0.4856749311294765
Missouri Tigers,2025,8,7,12,332,240,4.0,8,1.0,4,5,0.5833333333333334,7.666666666666667,0.5,0.25,92,0.4741314241314241
NC State Wolfpack,2015,1,5,11,359,322,3.0,8,0.0,1,6,0.45454545454545453,3.3636363636363638,0.375,0.0,37,0.47615667161121705
NC State Wolfpack,2016,1,4,10,244,257,3.0,8,1.0,5,6,0.4,-1.3,0.375,0.2,-13,0.5342207792207792
NC State Wolfpack,2017,1,7,10,319,257,6.0,8,2.0,5,3,0.7,6.2,0.75,0.4,62,0.49896658896658896
NC State Wolfpack,2018,1,7,11,379,291,5.0,8,2.0,3,4,0.6363636363636364,8.0,0.625,0.6666666666666666,88,0.43553719008264463
NC State Wolfpack,2019,1,3,11,224,361,1.0,8,1.0,2,8,0.2727272727272727,-12.454545454545455,0.125,0.5,-137,0.44429257611075795
NC State Wolfpack,2020,1,7,11,348,336,7.0,10,3.0,5,4,0.6363636363636364,1.0909090909090908,0.7,0.6,12,0.3963957759412305
NC State Wolfpack,2021,1,7,10,318,202,6.0,8,2.0,4,3,0.7,11.6,0.75,0.5,116,0.45702020202020205
NC State Wolfpack,2022,1,6,11,220,236,4.0,8,4.0,6,5,0.5454545454545454,-1.4545454545454546,0.5,0.6666666666666666,-16,0.5359716041534224
NC State Wolfpack,2023,1,7,10,248,204,6.0,8,4.0,5,3,0.7,4.4,0.75,0.8,44,0.508997668997669
NC State Wolfpack,2024,1,4,11,303,351,3.0,8,3.0,7,7,0.36363636363636365,-4.363636363636363,0.375,0.42857142857142855,-48,0.5181712227166773
NC State Wolfpack,2025,1,7,11,330,307,5.0,9,2.0,3,4,0.6363636363636364,2.090909090909091,0.5555555555555556,0.6666666666666666,23,0.5629839857112584
Navy Midshipmen,2015,151,9,10,385,216,7.0,8,0.0,0,1,0.9,16.9,0.875,0.0,169,0.4823581973581973
Navy Midshipmen,2016,151,7,10,389,322,7.0,9,4.0,5,3,0.7,6.7,0.7777777777777778,0.8,67,0.5204545454545455
Navy Midshipmen,2017,151,6,10,324,285,4.0,8,3.0,4,4,0.6,3.9,0.5,0.75,39,0.4912121212121212
Navy Midshipmen,2018,151,2,10,242,354,2.0,8,1.0,4,8,0.2,-11.2,0.25,0.25,-112,0.5785936285936286
Navy Midshipmen,2019,151,9,10,387,224,7.0,8,3.0,3,1,0.9,16.3,0.875,1.0,163,0.42436285936285933
Navy Midshipmen,2020,151,3,8,163,233,3.0,7,3.0,4,5,0.375,-8.75,0.42857142857142855,0.75,-70,0.48288690476190477
Navy Midshipmen,2021,151,3,9,211,243,3.0,8,2.0,5,6,0.3333333333333333,-3.5555555555555554,0.375,0.4,-32,0.6060044893378227
Navy Midshipmen,2022,151,4,9,207,223,4.0,8,3.0,5,5,0.4444444444444444,-1.7777777777777777,0.5,0.6,-16,0.4984848484848485
Navy Midshipmen,2023,151,4,9,174,210,4.0,8,1.0,2,5,0.4444444444444444,-4.0,0.5,0.5,-36,0.41784511784511785
Navy Midshipmen,2024,151,9,11,344,216,7.0,9,1.0,1,2,0.8181818181818182,11.636363636363637,0.7777777777777778,1.0,128,0.49354736172917996
Navy Midshipmen,2025,151,10,11,347,269,8.0,9,4.0,4,1,0.9090909090909091,7.090909090909091,0.8888888888888888,1.0,78,0.4555732146641237
Nebraska Cornhuskers,2015,5,5,11,363,301,3.0,8,1.0,5,6,0.45454545454545453,5.636363636363637,0.375,0.2,62,0.5239699694245149
Nebraska Cornhuskers,2016,5,9,13,345,311,6.0,9,3.0,4,4,0.6923076923076923,2.6153846153846154,0.6666666666666666,0.75,34,0.47809242040011274
Nebraska Cornhuskers,2017,5,4,12,309,437,3.0,9,2.0,5,8,0.3333333333333333,-10.666666666666666,0.3333333333333333,0.4,-128,0.5758838383838384
Nebraska Cornhuskers,2018,5,3,11,315,366,3.0,9,1.0,6,8,0.2727272727272727,-4.636363636363637,0.3333333333333333,0.16666666666666666,-51,0.6101625647080193
Nebraska Cornhuskers,2019,5,5,12,336,333,3.0,9,2.0,6,7,0.4166666666666667,0.25,0.3333333333333333,0.3333333333333333,3,0.4869033744033744
Nebraska Cornhuskers,2020,5,3,8,185,235,3.0,8,2.0,4,5,0.375,-6.25,0.375,0.5,-50,0.5240575396825397
Nebraska Cornhuskers,2021,5,2,11,283,265,1.0,9,0.0,7,9,0.18181818181818182,1.6363636363636365,0.1111111111111111,0.0,18,0.6361608088880817
Nebraska Cornhuskers,2022,5,3,11,233,314,3.0,9,2.0,7,8,0.2727272727272727,-7.363636363636363,0.3333333333333333,0.2857142857142857,-81,0.465045560500106
Nebraska Cornhuskers,2023,5,4,11,188,205,3.0,9,0.0,5,7,0.36363636363636365,-1.5454545454545454,0.3333333333333333,0.0,-17,0.5256788665879575
Nebraska Cornhuskers,2024,5,5,11,232,243,3.0,9,2.0,6,6,0.45454545454545453,-1.0,0.3333333333333333,0.3333333333333333,-11,0.553168044077135
Nebraska Cornhuskers,2025,5,6,12,314,313,4.0,9,4.0,6,6,0.5,0.08333333333333333,0.4444444444444444,0.6666666666666666,1,0.5097125097125097
Nevada Wolf Pack,2015,17,6,12,310,332,5.0,9,3.0,6,6,0.5,-1.8333333333333333,0.5555555555555556,0.5,-22,0.39175407925407923
Nevada Wolf Pack,2016,17,4,10,265,282,3.0,8,2.0,3,6,0.4,-1.7,0.375,0.6666666666666666,-17,0.337983682983683
Nevada Wolf Pack,2017,17,3,11,310,377,3.0,8,1.0,3,8,0.2727272727272727,-6.090909090909091,0.375,0.3333333333333333,-67,0.5551529278802007
Nevada Wolf Pack,2018,17,7,12,332,331,5.0,8,4.0,6,5,0.5833333333333334,0.08333333333333333,0.625,0.6666666666666666,1,0.4499740999741
Nevada Wolf Pack,2019,17,5,11,221,381,4.0,8,4.0,5,6,0.45454545454545453,-14.545454545454545,0.5,0.8,-160,0.44634456452638266
Nevada Wolf Pack,2020,17,7,9,277,210,6.0,8,3.0,4,2,0.7777777777777778,7.444444444444445,0.75,0.75,67,0.4097442680776014
Nevada Wolf Pack,2021,17,6,11,360,307,5.0,8,2.0,5,5,0.5454545454545454,4.818181818181818,0.625,0.4,53,0.49283746556473834
Nevada Wolf Pack,2022,17,1,10,162,304,0.0,8,0.0,3,9,0.1,-14.2,0.0,0.0,-142,0.4984848484848484
Nevada Wolf Pack,2023,17,2,11,202,368,2.0,8,1.0,2,9,0.18181818181818182,-15.090909090909092,0.25,0.5,-166,0.47584940312213037
Nevada Wolf Pack,2024,17,2,12,251,358,0.0,7,2.0,8,10,0.16666666666666666,-8.916666666666666,0.0,0.25,-107,0.5251068376068376
Nevada Wolf Pack,2025,17,2,9,162,268,2.0,8,1.0,3,7,0.2222222222222222,-11.777777777777779,0.25,0.3333333333333333,-106,0.5084175084175084
New Mexico Lobos,2015,17,6,12,323,369,5.0,8,3.0,4,6,0.5,-3.8333333333333335,0.625,0.75,-46,0.4166666666666667
New Mexico Lobos,2016,17,7,11,406,368,6.0,8,4.0,5,4,0.6363636363636364,3.4545454545454546,0.75,0.8,38,0.39889807162534435
New Mexico Lobos,2017,17,2,11,210,368,1.0,8,1.0,4,9,0.18181818181818182,-14.363636363636363,0.125,0.25,-158,0.5284700148336512
New Mexico Lobos,2018,17,1,9,172,327,1.0,8,0.0,1,8,0.1111111111111111,-17.22222222222222,0.125,0.0,-155,0.5363852197185531
New Mexico Lobos,2019,17,0,8,149,280,0.0,8,0.0,0,8,0.0,-16.375,0.0,0.0,-131,0.5583333333333333
New Mexico Lobos,2020,17,2,7,167,228,2.0,7,1.0,3,5,0.2857142857142857,-8.714285714285714,0.2857142857142857,0.3333333333333333,-61,0.5440476190476191
New Mexico Lobos,2021,17,1,9,72,279,1.0,8,0.0,0,8,0.1111111111111111,-23.0,0.125,0.0,-207,0.5777777777777778
New Mexico Lobos,2022,17,0,9,80,281,0.0,8,0.0,0,9,0.0,-22.333333333333332,0.0,0.0,-201,0.5742424242424242
New Mexico Lobos,2023,17,2,9,220,353,2.0,8,0.0,1,7,0.2222222222222222,-14.777777777777779,0.25,0.0,-133,0.4714452214452215
New Mexico Lobos,2024,17,4,10,321,381,3.0,7,3.0,4,6,0.4,-6.0,0.42857142857142855,0.75,-60,0.35530303030303034
New Mexico Lobos,2025,17,7,11,282,248,6.0,8,4.0,6,4,0.6363636363636364,3.090909090909091,0.75,0.6666666666666666,34,0.4258388076569895
New Mexico State Aggies,2015,37,3,11,296,490,3.0,8,2.0,4,8,0.2727272727272727,-17.636363636363637,0.375,0.5,-194,0.45549904640813726
New Mexico State Aggies,2016,37,3,11,276,428,2.0,8,2.0,4,8,0.2727272727272727,-13.818181818181818,0.25,0.5,-152,0.5257575757575758
New Mexico State Aggies,2017,37,6,12,340,372,4.0,8,4.0,6,6,0.5,-2.6666666666666665,0.5,0.6666666666666666,-32,0.39487179487179486
North Carolina Tar Heels,2015,1,9,12,476,315,8.0,9,3.0,4,3,0.75,13.416666666666666,0.8888888888888888,0.75,161,0.4596671846671847
North Carolina Tar Heels,2016,1,6,11,323,289,5.0,8,3.0,6,5,0.5454545454545454,3.090909090909091,0.625,0.5,34,0.5012855831037649
North Carolina Tar Heels,2017,1,1,9,184,309,1.0,8,1.0,4,8,0.1111111111111111,-13.88888888888889,0.125,0.25,-125,0.5191919191919192
North Carolina Tar Heels,2018,1,1,10,252,354,1.0,8,1.0,6,9,0.1,-10.2,0.125,0.16666666666666666,-102,0.5098989898989899
North Carolina Tar Heels,2019,1,6,12,374,301,4.0,9,3.0,9,6,0.5,6.083333333333333,0.4444444444444444,0.3333333333333333,73,0.5292799792799793
North Carolina Tar Heels,2020,1,7,11,451,344,7.0,10,2.0,4,4,0.6363636363636364,9.727272727272727,0.7,0.5,107,0.48950872359963266
North Carolina Tar Heels,2021,1,5,11,390,359,4.0,9,2.0,5,6,0.45454545454545453,2.8181818181818183,0.4444444444444444,0.4,31,0.5144628099173554
North Carolina Tar Heels,2022,1,8,12,394,362,6.0,9,6.0,9,4,0.6666666666666666,2.6666666666666665,0.6666666666666666,0.6666666666666666,32,0.47676767676767673
North Carolina Tar Heels,2023,1,7,12,390,348,4.0,8,2.0,4,5,0.5833333333333334,3.5,0.5,0.5,42,0.4771173271173271
North Carolina Tar Heels,2024,1,5,11,343,328,3.0,8,2.0,5,6,0.45454545454545453,1.3636363636363635,0.375,0.4,15,0.4315426997245179
North Carolina Tar Heels,2025,1,3,11,190,288,2.0,8,1.0,4,8,0.2727272727272727,-8.909090909090908,0.25,0.25,-98,0.46487956487956483
North Texas Mean Green,2023,151,3,9,290,331,3.0,8,2.0,5,6,0.3333333333333333,-4.555555555555555,0.375,0.4,-41,0.5119571786238453
North Texas Mean Green,2024,151,5,12,401,424,3.0,8,2.0,3,7,0.4166666666666667,-1.9166666666666667,0.375,0.6666666666666666,-23,0.49248575498575503
North Texas Mean Green,2025,151,11,13,580,371,7.0,9,3.0,3,2,0.8461538461538461,16.076923076923077,0.7777777777777778,1.0,209,0.48911088911088907
Northern Illinois Huskies,2015,15,7,13,379,361,6.0,9,1.0,4,6,0.5384615384615384,1.3846153846153846,0.6666666666666666,0.25,18,0.4505550005550006
Northern Illinois Huskies,2016,15,5,11,343,336,5.0,8,2.0,5,6,0.45454545454545453,0.6363636363636364,0.625,0.4,7,0.5048103411739775
Northern Illinois Huskies,2017,15,7,12,338,276,6.0,8,4.0,7,5,0.5833333333333334,5.166666666666667,0.75,0.5714285714285714,62,0.435988085988086
Northern Illinois Huskies,2018,15,7,12,262,274,7.0,9,3.0,5,5,0.5833333333333334,-1.0,0.7777777777777778,0.6,-12,0.4898989898989899
Northern Illinois Huskies,2019,15,4,11,250,328,4.0,8,3.0,6,7,0.36363636363636365,-7.090909090909091,0.5,0.5,-78,0.426774740411104
Northern Illinois Huskies,2020,15,0,6,149,232,0.0,6,0.0,2,6,0.0,-13.833333333333334,0.0,0.0,-83,0.6458333333333334
Northern Illinois Huskies,2021,15,8,13,410,458,7.0,9,6.0,9,5,0.6153846153846154,-3.6923076923076925,0.7777777777777778,0.6666666666666666,-48,0.4895817857356319
Northern Illinois Huskies,2022,15,2,11,293,366,2.0,8,1.0,5,9,0.18181818181818182,-6.636363636363637,0.25,0.2,-73,0.4151515151515151
Northern Illinois Huskies,2023,15,7,12,313,259,5.0,8,3.0,6,5,0.5833333333333334,4.5,0.625,0.5,54,0.36136363636363633
Northern Illinois Huskies,2024,15,5,10,215,192,4.0,8,0.0,4,5,0.5,2.3,0.5,0.0,23,0.4331818181818182
Northern Illinois Huskies,2025,15,2,11,186,275,2.0,8,0.0,3,9,0.18181818181818182,-8.090909090909092,0.25,0.0,-89,0.4218478491205764
Northwestern Wildcats,2015,5,9,12,213,242,6.0,8,5.0,5,3,0.75,-2.4166666666666665,0.75,1.0,-29,0.531536519036519
Northwestern Wildcats,2016,5,7,12,331,280,5.0,9,2.0,4,5,0.5833333333333334,4.25,0.5555555555555556,0.5,51,0.5107138232138232
Northwestern Wildcats,2017,5,10,13,380,261,7.0,9,3.0,3,3,0.7692307692307693,9.153846153846153,0.7777777777777778,1.0,119,0.4808678500986193
Northwestern Wildcats,2018,5,9,13,318,294,8.0,10,4.0,6,4,0.6923076923076923,1.8461538461538463,0.8,0.6666666666666666,24,0.5073260073260073
Northwestern Wildcats,2019,5,2,11,151,277,1.0,9,0.0,2,9,0.18181818181818182,-11.454545454545455,0.1111111111111111,0.0,-126,0.5627629945811764
Northwestern Wildcats,2020,5,7,9,222,143,6.0,8,2.0,2,2,0.7777777777777778,8.777777777777779,0.75,1.0,79,0.48732563732563733
Northwestern Wildcats,2021,5,2,11,175,342,1.0,9,0.0,2,9,0.18181818181818182,-15.181818181818182,0.1111111111111111,0.0,-167,0.5385765749402114
Northwestern Wildcats,2022,5,1,11,141,309,1.0,9,1.0,3,10,0.09090909090909091,-15.272727272727273,0.1111111111111111,0.3333333333333333,-168,0.5831214240305149
Northwestern Wildcats,2023,5,6,11,226,266,5.0,9,4.0,5,5,0.5454545454545454,-3.6363636363636362,0.5555555555555556,0.8,-40,0.5292601338055883
Northwestern Wildcats,2024,5,3,11,183,309,2.0,9,2.0,3,8,0.2727272727272727,-11.454545454545455,0.2222222222222222,0.6666666666666666,-126,0.5420322102140284
Northwestern Wildcats,2025,5,6,12,262,251,4.0,9,3.0,6,6,0.5,0.9166666666666666,0.4444444444444444,0.5,11,0.5180819180819181
Notre Dame Fighting Irish,2020,1,10,12,401,236,9.0,10,2.0,2,2,0.8333333333333334,13.75,0.9,1.0,165,0.44734848484848483
Ohio Bobcats,2015,15,6,11,302,305,5.0,8,2.0,4,5,0.5454545454545454,-0.2727272727272727,0.625,0.5,-3,0.43780007870916965
Ohio Bobcats,2016,15,7,13,331,296,6.0,9,4.0,9,6,0.5384615384615384,2.6923076923076925,0.6666666666666666,0.4444444444444444,35,0.4277658239196701
Ohio Bobcats,2017,15,6,10,350,259,5.0,8,1.0,4,4,0.6,9.1,0.625,0.25,91,0.397991452991453
Ohio Bobcats,2018,15,7,11,425,246,6.0,8,1.0,4,4,0.6363636363636364,16.272727272727273,0.75,0.25,179,0.47603305785123967
Ohio Bobcats,2019,15,6,11,374,292,5.0,8,2.0,5,5,0.5454545454545454,7.454545454545454,0.625,0.4,82,0.45069576887758706
Ohio Bobcats,2020,15,2,3,103,50,2.0,3,0.0,1,1,0.6666666666666666,17.666666666666668,0.6666666666666666,0.0,53,0.2222222222222222
Ohio Bobcats,2021,15,3,11,245,336,3.0,8,1.0,4,8,0.2727272727272727,-8.272727272727273,0.375,0.25,-91,0.418909373454828
Ohio Bobcats,2022,15,8,12,345,306,7.0,9,2.0,3,4,0.6666666666666666,3.25,0.7777777777777778,0.6666666666666666,39,0.42202797202797204
Ohio Bobcats,2023,15,9,12,289,196,6.0,8,3.0,4,3,0.75,7.75,0.75,0.75,93,0.3670454545454545
Ohio Bobcats,2024,15,9,12,359,221,8.0,9,2.0,2,3,0.75,11.5,0.8888888888888888,1.0,138,0.4230639730639731
Ohio Bobcats,2025,15,8,12,309,250,6.0,8,5.0,8,4,0.6666666666666666,4.916666666666667,0.75,0.625,59,0.39357031857031854
Ohio State Buckeyes,2015,5,11,12,420,168,7.0,8,2.0,3,1,0.9166666666666666,21.0,0.875,0.6666666666666666,252,0.44175685425685424
Ohio State Buckeyes,2016,5,11,13,512,201,8.0,9,4.0,5,2,0.8461538461538461,23.923076923076923,0.8888888888888888,0.8,311,0.5710268364114518
Ohio State Buckeyes,2017,5,11,13,538,259,9.0,10,2.0,2,2,0.8461538461538461,21.46153846153846,0.9,1.0,279,0.5631163708086785
Ohio State Buckeyes,2018,5,13,14,593,357,9.0,10,4.0,4,1,0.9285714285714286,16.857142857142858,0.9,1.0,236,0.4755244755244755
Ohio State Buckeyes,2019,5,12,13,611,171,10.0,10,0.0,1,1,0.9230769230769231,33.84615384615385,1.0,0.0,440,0.538059376520915
Ohio State Buckeyes,2020,5,7,8,328,206,6.0,6,1.0,1,1,0.875,15.25,1.0,1.0,122,0.5980564574314574
Ohio State Buckeyes,2021,5,11,13,594,296,8.0,9,1.0,2,2,0.8461538461538461,22.923076923076923,0.8888888888888888,0.5,298,0.5145175337483029
Ohio State Buckeyes,2022,5,10,12,554,263,8.0,9,0.0,1,2,0.8333333333333334,24.25,0.8888888888888888,0.0,291,0.5013500388500388
Ohio State Buckeyes,2023,5,8,10,282,115,8.0,9,0.0,1,2,0.8,16.7,0.8888888888888888,0.0,167,0.5416666666666667
Ohio State Buckeyes,2024,5,13,15,537,183,8.0,10,2.0,4,2,0.8666666666666667,23.6,0.8,0.5,354,0.5921076146076146
Ohio State Buckeyes,2025,5,11,13,398,130,9.0,10,1.0,2,2,0.8461538461538461,20.615384615384617,0.9,0.5,268,0.5561182407336254
Oklahoma Sooners,2015,4,11,13,566,286,8.0,9,2.0,3,2,0.8461538461538461,21.53846153846154,0.8888888888888888,0.6666666666666666,280,0.5205397166935628
Oklahoma Sooners,2016,4,11,13,571,375,9.0,9,3.0,3,2,0.8461538461538461,15.076923076923077,1.0,1.0,196,0.48595122825892056
Oklahoma Sooners,2017,4,11,13,576,372,9.0,10,2.0,4,2,0.8461538461538461,15.692307692307692,0.9,0.5,204,0.5397884167114937
Oklahoma Sooners,2018,4,10,12,586,431,9.0,10,3.0,4,2,0.8333333333333334,12.916666666666666,0.9,0.75,155,0.5181457431457431
Oklahoma Sooners,2019,4,11,13,520,368,9.0,10,5.0,6,2,0.8461538461538461,11.692307692307692,0.9,0.8333333333333334,152,0.4888111888111888
Oklahoma Sooners,2020,4,8,10,425,239,7.0,9,1.0,3,2,0.8,18.6,0.7777777777777778,0.3333333333333333,186,0.5071717171717172
Oklahoma Sooners,2021,4,10,12,432,335,7.0,9,6.0,7,2,0.8333333333333334,8.083333333333334,0.7777777777777778,0.8571428571428571,97,0.4511266511266511
Oklahoma Sooners,2022,4,5,12,382,377,3.0,9,0.0,5,7,0.4166666666666667,0.4166666666666667,0.3333333333333333,0.0,5,0.5091713841713842
Oklahoma Sooners,2023,4,10,13,542,305,7.0,9,3.0,5,3,0.7692307692307693,18.23076923076923,0.7777777777777778,0.6,237,0.519887804503189
Oklahoma Sooners,2024,8,5,12,253,266,2.0,8,2.0,4,7,0.4166666666666667,-1.0833333333333333,0.25,0.5,-13,0.6139398795648795
Oklahoma Sooners,2025,8,9,12,306,198,6.0,9,4.0,4,3,0.75,9.0,0.6666666666666666,1.0,108,0.5498099123099123
Oklahoma State Cowboys,2015,4,8,11,413,374,7.0,9,4.0,4,3,0.7272727272727273,3.5454545454545454,0.7777777777777778,1.0,39,0.5069506251324433
Oklahoma State Cowboys,2016,4,9,12,441,338,7.0,9,4.0,5,3,0.75,8.583333333333334,0.7777777777777778,0.8,103,0.47492229992229995
Oklahoma State Cowboys,2017,4,10,13,585,382,6.0,9,3.0,4,3,0.7692307692307693,15.615384615384615,0.6666666666666666,0.75,203,0.43864084633315403
Oklahoma State Cowboys,2018,4,6,12,441,405,3.0,9,3.0,7,6,0.5,3.0,0.3333333333333333,0.42857142857142855,36,0.5159632034632035
Oklahoma State Cowboys,2019,4,7,12,366,334,5.0,9,3.0,5,5,0.5833333333333334,2.6666666666666665,0.5555555555555556,0.6,32,0.4665986790986791
Oklahoma State Cowboys,2020,4,8,11,332,258,6.0,9,4.0,6,3,0.7272727272727273,6.7272727272727275,0.6666666666666666,0.6666666666666666,74,0.5085858585858586
Oklahoma State Cowboys,2021,4,10,12,375,202,8.0,10,3.0,5,2,0.8333333333333334,14.416666666666666,0.8,0.6,173,0.5265151515151515
Oklahoma State Cowboys,2022,4,6,12,335,369,4.0,9,2.0,5,6,0.5,-2.8333333333333335,0.4444444444444444,0.4,-34,0.4624542124542124
Oklahoma State Cowboys,2023,4,9,13,387,387,7.0,10,3.0,4,4,0.6923076923076923,0.0,0.7,0.75,0,0.4984156868772253
Oklahoma State Cowboys,2024,4,2,11,282,407,0.0,9,0.0,2,9,0.18181818181818182,-11.363636363636363,0.0,0.0,-125,0.5564147973238882
Oklahoma State Cowboys,2025,4,0,11,143,393,0.0,9,0.0,3,11,0.0,-22.727272727272727,0.0,0.0,-250,0.5489222898313808
Old Dominion Monarchs,2022,37,3,11,210,281,2.0,8,2.0,5,8,0.2727272727272727,-6.454545454545454,0.25,0.4,-71,0.43562901744719923
Old Dominion Monarchs,2023,37,5,10,255,268,5.0,8,5.0,9,5,0.5,-1.3,0.625,0.5555555555555556,-13,0.47962703962703956
Old Dominion Monarchs,2024,37,5,12,336,336,4.0,8,2.0,6,7,0.4166666666666667,0.0,0.5,0.3333333333333333,0,0.5392191142191142
Old Dominion Monarchs,2025,37,8,11,341,228,6.0,8,1.0,1,3,0.7272727272727273,10.272727272727273,0.75,1.0,113,0.4491735537190083
Ole Miss Rebels,2015,8,9,12,455,291,6.0,8,1.0,2,3,0.75,13.666666666666666,0.75,0.5,164,0.5550278425278425
Ole Miss Rebels,2016,8,4,11,353,395,2.0,8,1.0,3,7,0.36363636363636365,-3.8181818181818183,0.25,0.3333333333333333,-42,0.5581585081585082
Ole Miss Rebels,2017,8,5,11,349,392,3.0,8,2.0,4,6,0.45454545454545453,-3.909090909090909,0.375,0.5,-43,0.4861552588825316
Ole Miss Rebels,2018,8,4,11,331,393,1.0,8,1.0,3,7,0.36363636363636365,-5.636363636363637,0.125,0.3333333333333333,-62,0.4695395513577332
Ole Miss Rebels,2019,8,2,10,238,286,2.0,8,0.0,4,8,0.2,-4.8,0.25,0.0,-48,0.5503729603729604
Ole Miss Rebels,2020,8,5,10,392,383,4.0,9,3.0,5,5,0.5,0.9,0.4444444444444444,0.6,9,0.478030303030303
Ole Miss Rebels,2021,8,8,11,357,290,6.0,8,2.0,2,3,0.7272727272727273,6.090909090909091,0.75,1.0,67,0.4858126721763085
Ole Miss Rebels,2022,8,7,12,376,329,4.0,8,2.0,4,5,0.5833333333333334,3.9166666666666665,0.5,0.5,47,0.5200757575757576
Ole Miss Rebels,2023,8,10,12,383,286,6.0,8,4.0,4,2,0.8333333333333334,8.083333333333334,0.75,1.0,97,0.502894327894328
Ole Miss Rebels,2024,8,8,11,374,184,5.0,8,0.0,3,3,0.7272727272727273,17.272727272727273,0.625,0.0,190,0.4831955922865014
Ole Miss Rebels,2025,8,12,14,505,316,8.0,9,5.0,6,2,0.8571428571428571,13.5,0.8888888888888888,0.8333333333333334,189,0.4997443033157319
Oregon Ducks,2015,9,8,12,498,446,7.0,9,3.0,6,4,0.6666666666666666,4.333333333333333,0.7777777777777778,0.5,52,0.5827436452436453
Oregon Ducks,2016,9,3,11,372,469,2.0,9,1.0,4,8,0.2727272727272727,-8.818181818181818,0.2222222222222222,0.25,-97,0.5620258529349438
Oregon Ducks,2017,9,6,12,391,356,4.0,9,1.0,2,6,0.5,2.9166666666666665,0.4444444444444444,0.5,35,0.49655205905205907
Oregon Ducks,2018,9,8,12,391,316,5.0,9,3.0,5,4,0.6666666666666666,6.25,0.5555555555555556,0.6,75,0.4438616938616939
Oregon Ducks,2019,9,11,13,460,228,9.0,10,3.0,5,2,0.8461538461538461,17.846153846153847,0.9,0.6,232,0.5205627705627706
Oregon Ducks,2020,9,4,7,219,198,4.0,6,2.0,4,3,0.5714285714285714,3.0,0.6666666666666666,0.5,21,0.49489795918367346
Oregon Ducks,2021,9,9,13,392,371,7.0,10,4.0,5,4,0.6923076923076923,1.6153846153846154,0.7,0.8,21,0.5357181280258203
Oregon Ducks,2022,9,8,11,393,322,7.0,9,3.0,5,3,0.7272727272727273,6.454545454545454,0.7777777777777778,0.6,71,0.5424595606413788
Oregon Ducks,2023,9,10,12,493,218,8.0,10,0.0,2,2,0.8333333333333334,22.916666666666668,0.8,0.0,275,0.51010101010101
Oregon Ducks,2024,5,12,13,464,258,10.0,11,3.0,3,1,0.9230769230769231,15.846153846153847,0.9090909090909091,1.0,206,0.5335216065985298
Oregon Ducks,2025,5,12,14,495,255,8.0,10,2.0,2,2,0.8571428571428571,17.142857142857142,0.8,1.0,240,0.5724525474525475
Oregon State Beavers,2015,9,1,11,202,437,0.0,9,0.0,1,10,0.09090909090909091,-21.363636363636363,0.0,0.0,-235,0.5948294130112312
Oregon State Beavers,2016,9,3,11,277,359,3.0,9,1.0,4,8,0.2727272727272727,-7.454545454545454,0.3333333333333333,0.25,-82,0.5588684043229498
Oregon State Beavers,2017,9,0,11,213,484,0.0,9,0.0,2,11,0.0,-24.636363636363637,0.0,0.0,-271,0.5432294977749522
Oregon State Beavers,2018,9,1,11,265,523,1.0,9,1.0,2,10,0.09090909090909091,-23.454545454545453,0.1111111111111111,0.5,-258,0.5980519480519481
Oregon State Beavers,2019,9,4,11,329,383,4.0,9,2.0,5,7,0.36363636363636365,-4.909090909090909,0.4444444444444444,0.4,-54,0.5245814791269336
Oregon State Beavers,2020,9,2,7,202,233,2.0,7,2.0,5,5,0.2857142857142857,-4.428571428571429,0.2857142857142857,0.4,-31,0.5125850340136054
Oregon State Beavers,2021,9,6,12,364,335,5.0,9,1.0,3,6,0.5,2.4166666666666665,0.5555555555555556,0.3333333333333333,29,0.5118589743589744
Oregon State Beavers,2022,9,9,12,351,232,6.0,9,3.0,5,3,0.75,9.916666666666666,0.6666666666666666,0.6,119,0.5121535871535872
Oregon State Beavers,2023,9,7,11,351,251,5.0,9,1.0,4,4,0.6363636363636364,9.090909090909092,0.5555555555555556,0.25,100,0.5315426997245178
Oregon State Beavers,2024,9,4,11,253,344,1.0,1,1.0,2,7,0.36363636363636365,-8.272727272727273,1.0,0.5,-91,0.47732570459843193
Oregon State Beavers,2025,9,1,10,156,319,1.0,2,1.0,3,9,0.1,-16.3,0.5,0.3333333333333333,-163,0.5762387612387612
Penn State Nittany Lions,2015,5,6,12,281,270,4.0,8,1.0,3,6,0.5,0.9166666666666666,0.5,0.3333333333333333,11,0.5687382062382063
Penn State Nittany Lions,2016,5,11,14,526,356,9.0,10,4.0,6,3,0.7857142857142857,12.142857142857142,0.9,0.6666666666666666,170,0.5086643515214944
Penn State Nittany Lions,2017,5,11,13,534,214,7.0,9,2.0,4,2,0.8461538461538461,24.615384615384617,0.7777777777777778,0.5,320,0.5381088996473612
Penn State Nittany Lions,2018,5,9,13,439,267,6.0,9,3.0,6,4,0.6923076923076923,13.23076923076923,0.6666666666666666,0.5,172,0.5275340044570813
Penn State Nittany Lions,2019,5,10,12,386,201,7.0,9,4.0,5,2,0.8333333333333334,15.416666666666666,0.7777777777777778,0.8,185,0.5644036519036519
Penn State Nittany Lions,2020,5,4,9,268,249,4.0,9,0.0,2,5,0.4444444444444444,2.111111111111111,0.4444444444444444,0.0,19,0.4835978835978836
Penn State Nittany Lions,2021,5,6,12,287,208,4.0,9,1.0,5,6,0.5,6.583333333333333,0.4444444444444444,0.2,79,0.5510864135864136
Penn State Nittany Lions,2022,5,11,13,465,237,7.0,9,1.0,1,2,0.8461538461538461,17.53846153846154,0.7777777777777778,1.0,228,0.49139322216245296
Penn State Nittany Lions,2023,5,8,11,345,168,7.0,9,0.0,0,3,0.7272727272727273,16.09090909090909,0.7777777777777778,0.0,177,0.5922077922077922
Penn State Nittany Lions,2024,5,13,15,506,237,8.0,10,3.0,4,2,0.8666666666666667,17.933333333333334,0.8,0.75,269,0.5090287490287491
Penn State Nittany Lions,2025,5,5,11,317,261,3.0,9,1.0,6,6,0.45454545454545453,5.090909090909091,0.3333333333333333,0.16666666666666666,56,0.5435044753226571
Pittsburgh Panthers,2015,1,7,11,292,260,6.0,8,4.0,7,4,0.6363636363636364,2.909090909090909,0.75,0.5714285714285714,32,0.5466942148760331
Pittsburgh Panthers,2016,1,6,11,461,424,5.0,8,3.0,7,5,0.5454545454545454,3.3636363636363638,0.625,0.42857142857142855,37,0.565394201757838
Pittsburgh Panthers,2017,1,3,10,217,288,3.0,8,1.0,4,7,0.3,-7.1,0.375,0.25,-71,0.5452253302253303
Pittsburgh Panthers,2018,1,6,12,312,363,6.0,9,2.0,4,6,0.5,-4.25,0.6666666666666666,0.5,-51,0.6030626780626781
Pittsburgh Panthers,2019,1,7,12,258,278,4.0,8,5.0,8,5,0.5833333333333334,-1.6666666666666667,0.5,0.625,-20,0.5009680134680135
Pittsburgh Panthers,2020,1,5,10,264,270,5.0,10,1.0,3,5,0.5,-0.6,0.5,0.3333333333333333,-6,0.49833333333333335
Pittsburgh Panthers,2021,1,9,12,452,317,8.0,9,2.0,4,3,0.75,11.25,0.8888888888888888,0.5,135,0.5009680134680135
Pittsburgh Panthers,2022,1,8,12,362,292,5.0,8,3.0,5,4,0.6666666666666666,5.833333333333333,0.625,0.6,70,0.4810800310800311
Pittsburgh Panthers,2023,1,2,10,190,263,2.0,8,0.0,2,8,0.2,-7.3,0.25,0.0,-73,0.5223659673659673
Pittsburgh Panthers,2024,1,6,12,355,352,3.0,8,3.0,6,6,0.5,0.25,0.375,0.5,3,0.4995726495726496
Pittsburgh Panthers,2025,1,7,11,362,276,6.0,8,1.0,4,4,0.6363636363636364,7.818181818181818,0.75,0.25,86,0.4676636494818313
Purdue Boilermakers,2015,5,1,10,232,383,1.0,8,0.0,3,9,0.1,-15.1,0.125,0.0,-151,0.594007659007659
Purdue Boilermakers,2016,5,2,11,250,435,1.0,9,1.0,2,9,0.18181818181818182,-16.818181818181817,0.1111111111111111,0.5,-185,0.5311385584112857
Purdue Boilermakers,2017,5,7,13,328,267,4.0,9,2.0,5,6,0.5384615384615384,4.6923076923076925,0.4444444444444444,0.4,61,0.49590281513358436
Purdue Boilermakers,2018,5,6,13,397,390,5.0,9,2.0,6,7,0.46153846153846156,0.5384615384615384,0.5555555555555556,0.3333333333333333,7,0.5384807500192116
Purdue Boilermakers,2019,5,4,12,310,367,3.0,9,2.0,6,8,0.3333333333333333,-4.75,0.3333333333333333,0.3333333333333333,-57,0.4963439338439339
Purdue Boilermakers,2020,5,2,6,163,179,2.0,6,2.0,5,4,0.3333333333333333,-2.6666666666666665,0.3333333333333333,0.4,-16,0.48578042328042326
Purdue Boilermakers,2021,5,8,11,316,264,6.0,9,3.0,4,3,0.7272727272727273,4.7272727272727275,0.6666666666666666,0.75,52,0.5056216510761966
Purdue Boilermakers,2022,5,6,12,288,357,6.0,10,3.0,5,6,0.5,-5.75,0.6,0.6,-69,0.5283702408702409
Purdue Boilermakers,2023,5,4,12,287,365,3.0,9,2.0,4,8,0.3333333333333333,-6.5,0.3333333333333333,0.5,-78,0.5466935841935842
Purdue Boilermakers,2024,5,0,10,133,413,0.0,9,0.0,3,10,0.0,-28.0,0.0,0.0,-280,0.6124592074592075
Purdue Boilermakers,2025,5,1,10,161,309,0.0,9,0.0,3,9,0.1,-14.8,0.0,0.0,-148,0.6346037296037296
Rice Owls,2023,151,5,11,294,320,4.0,8,3.0,5,6,0.45454545454545453,-2.3636363636363638,0.5,0.6,-26,0.48187418641964097
Rice Owls,2024,151,3,9,173,247,3.0,8,2.0,4,6,0.3333333333333333,-8.222222222222221,0.375,0.5,-74,0.556928256928257
Rice Owls,2025,151,3,11,173,377,2.0,8,2.0,3,8,0.2727272727272727,-18.545454545454547,0.25,0.6666666666666666,-204,0.5270608179699089
Rutgers Scarlet Knights,2015,5,2,10,231,385,1.0,8,1.0,4,8,0.2,-15.4,0.125,0.25,-154,0.547940392940393
Rutgers Scarlet Knights,2016,5,1,11,136,436,0.0,9,0.0,3,10,0.09090909090909091,-27.272727272727273,0.0,0.0,-300,0.5718347309256401
Rutgers Scarlet Knights,2017,5,3,11,151,340,3.0,9,2.0,3,8,0.2727272727272727,-17.181818181818183,0.3333333333333333,0.6666666666666666,-189,0.5354630218266582
Rutgers Scarlet Knights,2018,5,1,12,162,377,0.0,9,0.0,3,11,0.08333333333333333,-17.916666666666668,0.0,0.0,-215,0.5423511673511673
Rutgers Scarlet Knights,2019,5,0,10,67,385,0.0,9,0.0,0,10,0.0,-31.8,0.0,0.0,-318,0.615944055944056
Rutgers Scarlet Knights,2020,5,3,9,240,289,3.0,9,2.0,5,6,0.3333333333333333,-5.444444444444445,0.3333333333333333,0.4,-49,0.449647266313933
Rutgers Scarlet Knights,2021,5,4,12,211,320,2.0,9,1.0,2,8,0.3333333333333333,-9.083333333333334,0.2222222222222222,0.5,-109,0.5033050283050283
Rutgers Scarlet Knights,2022,5,3,11,143,344,1.0,9,3.0,5,8,0.2727272727272727,-18.272727272727273,0.1111111111111111,0.6,-201,0.5106555061100516
Rutgers Scarlet Knights,2023,5,6,12,250,273,3.0,9,2.0,2,6,0.5,-1.9166666666666667,0.3333333333333333,1.0,-23,0.548636086136086
Rutgers Scarlet Knights,2024,5,6,12,332,323,4.0,9,3.0,7,6,0.5,0.75,0.4444444444444444,0.42857142857142855,9,0.4610625485625486
Rutgers Scarlet Knights,2025,5,4,11,284,372,2.0,9,2.0,4,7,0.36363636363636365,-8.0,0.2222222222222222,0.5,-88,0.5674643538279902
SMU Mustangs,2015,151,1,10,257,487,1.0,8,0.0,0,9,0.1,-23.0,0.125,0.0,-230,0.6353379953379953
SMU Mustangs,2016,151,3,10,269,400,3.0,8,1.0,2,7,0.3,-13.1,0.375,0.5,-131,0.5566666666666666
SMU Mustangs,2017,151,5,10,370,380,4.0,8,3.0,5,5,0.5,-1.0,0.5,0.6,-10,0.5246503496503496
SMU Mustangs,2018,151,4,10,279,350,4.0,8,2.0,4,6,0.4,-7.1,0.5,0.5,-71,0.5141491841491842
SMU Mustangs,2019,151,9,11,467,355,6.0,8,4.0,6,2,0.8181818181818182,10.181818181818182,0.75,0.6666666666666666,112,0.4180158225612771
SMU Mustangs,2020,151,5,8,271,267,4.0,7,3.0,4,3,0.625,0.5,0.5714285714285714,0.75,4,0.4574404761904762
SMU Mustangs,2021,151,5,9,331,283,4.0,8,1.0,4,4,0.5555555555555556,5.333333333333333,0.5,0.25,48,0.47929292929292927
SMU Mustangs,2022,151,5,10,368,390,5.0,8,2.0,4,5,0.5,-2.2,0.625,0.5,-22,0.5331890331890332
SMU Mustangs,2023,151,9,12,435,235,9.0,9,2.0,2,3,0.75,16.666666666666668,1.0,1.0,200,0.4176411551411552
SMU Mustangs,2024,1,10,13,452,302,8.0,9,3.0,5,3,0.7692307692307693,11.538461538461538,0.8888888888888888,0.6,150,0.5074502420656267
SMU Mustangs,2025,1,7,11,349,244,6.0,8,2.0,5,4,0.6363636363636364,9.545454545454545,0.75,0.4,105,0.48501902138265773
San Diego State Aztecs,2015,17,10,13,413,227,9.0,9,1.0,2,3,0.7692307692307693,14.307692307692308,1.0,0.5,186,0.3912587412587412
San Diego State Aztecs,2016,17,10,13,462,283,7.0,9,2.0,3,3,0.7692307692307693,13.76923076923077,0.7777777777777778,0.6666666666666666,179,0.3870629370629371
San Diego State Aztecs,2017,17,9,11,327,204,6.0,8,3.0,3,2,0.8181818181818182,11.181818181818182,0.75,1.0,123,0.42705375432648157
San Diego State Aztecs,2018,17,6,12,240,274,4.0,8,5.0,8,6,0.5,-2.8333333333333335,0.5,0.625,-34,0.5092333592333592
San Diego State Aztecs,2019,17,7,10,226,152,5.0,8,2.0,5,3,0.7,7.4,0.625,0.4,74,0.4045454545454545
San Diego State Aztecs,2020,17,4,7,183,114,4.0,6,0.0,1,3,0.5714285714285714,9.857142857142858,0.6666666666666666,0.0,69,0.47023809523809523
San Diego State Aztecs,2021,17,9,11,269,222,7.0,9,5.0,5,2,0.8181818181818182,4.2727272727272725,0.7777777777777778,1.0,47,0.4658861340679522
San Diego State Aztecs,2022,17,6,11,218,235,5.0,8,3.0,4,5,0.5454545454545454,-1.5454545454545454,0.625,0.75,-17,0.459769018859928
San Diego State Aztecs,2023,17,3,11,210,293,2.0,8,2.0,5,8,0.2727272727272727,-7.545454545454546,0.25,0.4,-83,0.4966094511549057
San Diego State Aztecs,2024,17,2,11,211,341,2.0,7,2.0,5,9,0.18181818181818182,-11.818181818181818,0.2857142857142857,0.4,-130,0.4474041110404747
San Diego State Aztecs,2025,17,8,12,301,200,6.0,8,1.0,3,4,0.6666666666666666,8.416666666666666,0.75,0.3333333333333333,101,0.44635457135457135
San Jose State Spartans,2015,17,5,11,304,324,4.0,8,1.0,2,6,0.45454545454545453,-1.8181818181818181,0.5,0.5,-20,0.4255774528501801
San Jose State Spartans,2016,17,3,11,227,381,3.0,8,3.0,5,8,0.2727272727272727,-14.0,0.375,0.6,-154,0.5071201525746981
San Jose State Spartans,2017,17,1,11,152,488,1.0,8,1.0,1,10,0.09090909090909091,-30.545454545454547,0.125,1.0,-336,0.515663629299993
San Jose State Spartans,2018,17,1,10,214,343,1.0,8,0.0,2,9,0.1,-12.9,0.125,0.0,-129,0.5746658896658896
San José St Spartans,2019,17,3,10,292,336,2.0,8,2.0,5,7,0.3,-4.4,0.25,0.4,-44,0.43712121212121213
San José State Spartans,2020,17,7,8,229,159,7.0,7,0.0,0,1,0.875,8.75,1.0,0.0,70,0.5623511904761904
San José State Spartans,2021,17,3,10,158,273,3.0,8,3.0,5,7,0.3,-11.5,0.375,0.6,-115,0.5092424242424243
San José State Spartans,2022,17,6,11,308,247,5.0,8,1.0,3,5,0.5454545454545454,5.545454545454546,0.625,0.3333333333333333,61,0.4158402203856749
San José State Spartans,2023,17,6,12,355,330,6.0,8,1.0,2,6,0.5,2.0833333333333335,0.75,0.5,25,0.5202084952084952
San José State Spartans,2024,17,5,11,296,324,3.0,7,2.0,5,6,0.45454545454545453,-2.5454545454545454,0.42857142857142855,0.4,-28,0.4522250476795931
San José State Spartans,2025,17,2,11,226,362,2.0,8,2.0,6,9,0.18181818181818182,-12.363636363636363,0.25,0.3333333333333333,-136,0.48686868686868684
South Alabama Jaguars,2015,37,4,11,267,424,3.0,8,4.0,5,7,0.36363636363636365,-14.272727272727273,0.375,0.8,-157,0.4983047255774528
South Alabama Jaguars,2016,37,4,11,258,304,2.0,8,3.0,7,7,0.36363636363636365,-4.181818181818182,0.25,0.42857142857142855,-46,0.497753761390125
South Alabama Jaguars,2017,37,3,10,177,284,3.0,8,1.0,4,7,0.3,-10.7,0.375,0.25,-107,0.48975135975135975
South Alabama Jaguars,2018,37,2,10,219,428,2.0,8,1.0,1,8,0.2,-20.9,0.25,1.0,-209,0.508997668997669
South Alabama Jaguars,2019,37,1,10,181,319,1.0,8,1.0,3,9,0.1,-13.8,0.125,0.3333333333333333,-138,0.5367365967365967
South Alabama Jaguars,2020,37,3,9,177,237,3.0,8,1.0,3,6,0.3333333333333333,-6.666666666666667,0.375,0.3333333333333333,-60,0.4747795414462081
South Alabama Jaguars,2021,37,3,10,240,289,2.0,8,1.0,5,7,0.3,-4.9,0.25,0.2,-49,0.43737373737373736
South Alabama Jaguars,2022,37,8,10,297,212,7.0,8,5.0,7,2,0.8,8.5,0.875,0.7142857142857143,85,0.40212121212121216
South Alabama Jaguars,2023,37,6,12,395,256,4.0,8,1.0,2,6,0.5,11.583333333333334,0.5,0.5,139,0.48391608391608393
South Alabama Jaguars,2024,37,6,12,360,317,5.0,8,2.0,6,6,0.5,3.5833333333333335,0.625,0.3333333333333333,43,0.4840909090909091
South Alabama Jaguars,2025,37,3,11,280,344,3.0,8,2.0,5,8,0.2727272727272727,-5.818181818181818,0.375,0.4,-64,0.46758948122584487
South Carolina Gamecocks,2015,8,3,11,241,307,1.0,8,1.0,5,8,0.2727272727272727,-6.0,0.125,0.2,-66,0.5349615031433214
South Carolina Gamecocks,2016,8,4,11,192,285,3.0,8,3.0,5,7,0.36363636363636365,-8.454545454545455,0.375,0.6,-93,0.5382723337268792
South Carolina Gamecocks,2017,8,7,11,267,243,5.0,8,4.0,5,4,0.6363636363636364,2.1818181818181817,0.625,0.8,24,0.48802712439076074
South Carolina Gamecocks,2018,8,6,12,342,345,4.0,8,3.0,5,6,0.5,-0.25,0.5,0.6,-3,0.5356481481481482
South Carolina Gamecocks,2019,8,3,11,197,303,3.0,8,1.0,3,8,0.2727272727272727,-9.636363636363637,0.375,0.3333333333333333,-106,0.6498940453485909
South Carolina Gamecocks,2020,8,2,10,235,360,2.0,10,0.0,2,8,0.2,-12.5,0.2,0.0,-125,0.5166666666666667
South Carolina Gamecocks,2021,8,6,12,248,312,3.0,8,3.0,5,6,0.5,-5.333333333333333,0.375,0.6,-64,0.5068473193473194
South Carolina Gamecocks,2022,8,6,10,274,300,4.0,8,2.0,2,4,0.6,-2.6,0.5,1.0,-26,0.5331818181818182
South Carolina Gamecocks,2023,8,3,10,227,267,3.0,8,2.0,3,7,0.3,-4.0,0.375,0.6666666666666666,-40,0.5415501165501165
South Carolina Gamecocks,2024,8,8,12,340,223,5.0,8,3.0,6,4,0.6666666666666666,9.75,0.625,0.5,117,0.5565559440559441
South Carolina Gamecocks,2025,8,3,11,234,255,1.0,8,0.0,2,8,0.2727272727272727,-1.9090909090909092,0.125,0.0,-21,0.5793585202676111
South Florida Bulls,2015,151,7,11,351,250,6.0,8,1.0,2,4,0.6363636363636364,9.181818181818182,0.75,0.5,101,0.45555555555555555
South Florida Bulls,2016,151,10,12,513,391,7.0,8,3.0,3,2,0.8333333333333334,10.166666666666666,0.875,1.0,122,0.43825757575757573
South Florida Bulls,2017,151,9,11,428,265,6.0,8,3.0,5,2,0.8181818181818182,14.818181818181818,0.75,0.6,163,0.3477961432506887
South Florida Bulls,2018,151,5,10,258,322,3.0,8,3.0,3,5,0.5,-6.4,0.375,1.0,-64,0.4709090909090909
South Florida Bulls,2019,151,2,10,168,308,2.0,8,0.0,2,8,0.2,-14.0,0.25,0.0,-140,0.5715023865023865
South Florida Bulls,2020,151,0,8,181,353,0.0,7,0.0,2,8,0.0,-21.5,0.0,0.0,-172,0.5766369047619048
South Florida Bulls,2021,151,1,10,213,364,1.0,8,0.0,2,9,0.1,-15.1,0.125,0.0,-151,0.5317676767676767
South Florida Bulls,2022,151,0,10,273,424,0.0,8,0.0,4,10,0.0,-15.1,0.0,0.0,-151,0.516993006993007
South Florida Bulls,2023,151,5,10,329,333,4.0,8,1.0,1,5,0.5,-0.4,0.5,1.0,-4,0.4505050505050505
South Florida Bulls,2024,151,6,12,370,384,4.0,8,1.0,2,6,0.5,-1.1666666666666667,0.5,0.5,-14,0.43339484589484595
South Florida Bulls,2025,151,8,12,463,290,6.0,8,1.0,3,4,0.6666666666666666,14.416666666666666,0.75,0.3333333333333333,173,0.5126304251304251
Southern Miss Golden Eagles,2022,37,5,10,200,243,4.0,8,3.0,5,5,0.5,-4.3,0.5,0.6,-43,0.4824242424242424
Southern Miss Golden Eagles,2023,37,2,11,238,415,2.0,8,1.0,3,9,0.18181818181818182,-16.09090909090909,0.25,0.3333333333333333,-177,0.5272833227378683
Southern Miss Golden Eagles,2024,37,0,10,141,399,0.0,8,0.0,0,10,0.0,-25.8,0.0,0.0,-258,0.5181818181818182
Southern Miss Golden Eagles,2025,37,5,9,258,254,5.0,8,2.0,3,4,0.5555555555555556,0.4444444444444444,0.625,0.6666666666666666,4,0.3924242424242424
Stanford Cardinal,2015,9,11,13,491,280,9.0,10,1.0,2,2,0.8461538461538461,16.23076923076923,0.9,0.5,211,0.5113412228796844
Stanford Cardinal,2016,9,8,11,284,238,6.0,9,1.0,2,3,0.7272727272727273,4.181818181818182,0.6666666666666666,0.5,46,0.5065268065268065
Stanford Cardinal,2017,9,7,12,353,291,7.0,10,3.0,7,5,0.5833333333333334,5.166666666666667,0.7,0.42857142857142855,62,0.584547397047397
Stanford Cardinal,2018,9,8,11,322,250,6.0,9,4.0,6,3,0.7272727272727273,6.545454545454546,0.6666666666666666,0.6666666666666666,72,0.5
Stanford Cardinal,2019,9,4,11,236,313,3.0,9,1.0,3,7,0.36363636363636365,-7.0,0.3333333333333333,0.3333333333333333,-77,0.48146853146853147
Stanford Cardinal,2020,9,4,6,176,190,4.0,6,4.0,5,2,0.6666666666666666,-2.3333333333333335,0.6666666666666666,0.8,-14,0.49206349206349204
Stanford Cardinal,2021,9,3,11,231,344,2.0,9,1.0,3,8,0.2727272727272727,-10.272727272727273,0.2222222222222222,0.3333333333333333,-113,0.5092180546726002
Stanford Cardinal,2022,9,1,9,173,327,1.0,9,1.0,3,8,0.1111111111111111,-17.11111111111111,0.1111111111111111,0.3333333333333333,-154,0.6001554001554001
Stanford Cardinal,2023,9,3,10,201,366,2.0,9,2.0,3,7,0.3,-16.5,0.2222222222222222,0.6666666666666666,-165,0.5766666666666667
Stanford Cardinal,2024,1,2,10,226,348,2.0,8,2.0,6,8,0.2,-12.2,0.25,0.3333333333333333,-122,0.5451864801864802
Stanford Cardinal,2025,1,4,11,206,301,3.0,8,2.0,4,7,0.36363636363636365,-8.636363636363637,0.375,0.5,-95,0.5217711581347945
Syracuse Orange,2015,1,3,11,280,372,2.0,8,2.0,4,8,0.2727272727272727,-8.363636363636363,0.25,0.5,-92,0.5211979939252667
Syracuse Orange,2016,1,3,10,242,406,2.0,8,1.0,1,7,0.3,-16.4,0.25,1.0,-164,0.5942207792207792
Syracuse Orange,2017,1,3,10,256,349,2.0,8,2.0,3,7,0.3,-9.3,0.25,0.6666666666666666,-93,0.6114335664335664
Syracuse Orange,2018,1,9,11,458,305,6.0,8,1.0,3,2,0.8181818181818182,13.909090909090908,0.75,0.3333333333333333,153,0.4380165289256199
Syracuse Orange,2019,1,3,10,274,365,2.0,8,0.0,2,7,0.3,-9.1,0.25,0.0,-91,0.4856410256410257
Syracuse Orange,2020,1,1,10,175,322,1.0,10,0.0,2,9,0.1,-14.7,0.1,0.0,-147,0.504469696969697
Syracuse Orange,2021,1,3,10,213,271,2.0,8,1.0,4,7,0.3,-5.8,0.25,0.25,-58,0.5171717171717172
Syracuse Orange,2022,1,5,10,229,245,4.0,8,2.0,3,5,0.5,-1.6,0.5,0.6666666666666666,-16,0.5476495726495727
Syracuse Orange,2023,1,4,11,212,314,2.0,8,1.0,2,7,0.36363636363636365,-9.272727272727273,0.25,0.5,-102,0.47157236702691246
Syracuse Orange,2024,1,8,11,370,341,5.0,8,5.0,7,3,0.7272727272727273,2.6363636363636362,0.625,0.7142857142857143,29,0.5267641449459631
Syracuse Orange,2025,1,1,9,142,305,1.0,8,0.0,0,8,0.1111111111111111,-18.11111111111111,0.125,0.0,-163,0.535674202340869
TCU Horned Frogs,2015,4,10,12,477,347,7.0,9,6.0,7,2,0.8333333333333334,10.833333333333334,0.7777777777777778,0.8571428571428571,130,0.45405011655011657
TCU Horned Frogs,2016,4,5,12,344,323,4.0,9,1.0,4,7,0.4166666666666667,1.75,0.4444444444444444,0.25,21,0.4763209013209013
TCU Horned Frogs,2017,4,10,13,407,266,7.0,10,2.0,3,3,0.7692307692307693,10.846153846153847,0.7,0.6666666666666666,141,0.5001165501165501
TCU Horned Frogs,2018,4,6,12,251,293,4.0,9,5.0,7,6,0.5,-3.5,0.4444444444444444,0.7142857142857143,-42,0.5367784992784993
TCU Horned Frogs,2019,4,4,11,325,310,3.0,9,1.0,7,7,0.36363636363636365,1.3636363636363635,0.3333333333333333,0.14285714285714285,15,0.5207247298156389
TCU Horned Frogs,2020,4,5,9,256,232,5.0,9,2.0,4,4,0.5555555555555556,2.6666666666666665,0.5555555555555556,0.5,24,0.48883277216610543
TCU Horned Frogs,2021,4,4,11,299,416,3.0,9,3.0,4,7,0.36363636363636365,-10.636363636363637,0.3333333333333333,0.75,-117,0.5298438934802572
TCU Horned Frogs,2022,4,12,14,523,418,9.0,10,5.0,6,2,0.8571428571428571,7.5,0.9,0.8333333333333334,105,0.5344239094239095
TCU Horned Frogs,2023,4,4,11,335,328,3.0,9,0.0,4,7,0.36363636363636365,0.6363636363636364,0.3333333333333333,0.0,7,0.5270532497805225
TCU Horned Frogs,2024,4,8,12,390,320,6.0,9,4.0,6,4,0.6666666666666666,5.833333333333333,0.6666666666666666,0.6666666666666666,70,0.4067793317793318
TCU Horned Frogs,2025,4,8,12,357,308,5.0,9,4.0,6,4,0.6666666666666666,4.083333333333333,0.5555555555555556,0.6666666666666666,49,0.5187451437451437
Temple Owls,2015,151,9,12,360,254,7.0,9,1.0,1,3,0.75,8.833333333333334,0.7777777777777778,1.0,106,0.4457782957782958
Temple Owls,2016,151,8,11,354,210,8.0,9,1.0,3,3,0.7272727272727273,13.090909090909092,0.8888888888888888,0.3333333333333333,144,0.457103502558048
Temple Owls,2017,151,4,8,209,218,4.0,8,0.0,2,4,0.5,-1.125,0.5,0.0,-9,0.4765151515151515
Temple Owls,2018,151,8,12,437,333,7.0,8,2.0,3,4,0.6666666666666666,8.666666666666666,0.875,0.6666666666666666,104,0.4696969696969697
Temple Owls,2019,151,7,12,286,325,5.0,8,2.0,3,5,0.5833333333333334,-3.25,0.625,0.6666666666666666,-39,0.44437969437969443
Temple Owls,2020,151,1,7,139,260,1.0,7,1.0,2,6,0.14285714285714285,-17.285714285714285,0.14285714285714285,0.5,-121,0.43809523809523804
Temple Owls,2021,151,2,11,155,443,1.0,8,1.0,1,9,0.18181818181818182,-26.181818181818183,0.125,1.0,-288,0.4703856749311294
Temple Owls,2022,151,1,10,205,337,1.0,8,0.0,4,9,0.1,-13.2,0.125,0.0,-132,0.45429292929292925
Temple Owls,2023,151,2,11,212,419,1.0,8,1.0,2,9,0.18181818181818182,-18.818181818181817,0.125,0.5,-207,0.4694674012855831
Temple Owls,2024,151,3,11,215,396,2.0,8,1.0,2,8,0.2727272727272727,-16.454545454545453,0.25,0.5,-181,0.4649431376704104
Temple Owls,2025,151,4,11,279,349,3.0,8,2.0,4,7,0.36363636363636365,-6.363636363636363,0.375,0.5,-70,0.5385720340265795
Tennessee Volunteers,2015,8,7,11,378,250,5.0,8,2.0,6,4,0.6363636363636364,11.636363636363637,0.625,0.3333333333333333,128,0.574202565111656
Tennessee Volunteers,2016,8,8,12,418,375,4.0,8,2.0,4,4,0.6666666666666666,3.5833333333333335,0.5,0.5,43,0.5703962703962704
Tennessee Volunteers,2017,8,1,9,155,319,0.0,8,1.0,4,8,0.1111111111111111,-18.22222222222222,0.0,0.25,-164,0.5535957869291203
Tennessee Volunteers,2018,8,2,9,176,329,2.0,8,1.0,2,7,0.2222222222222222,-17.0,0.25,0.5,-153,0.6366762866762867
Tennessee Volunteers,2019,8,6,10,213,246,5.0,8,3.0,3,4,0.6,-3.3,0.625,1.0,-33,0.5345454545454545
Tennessee Volunteers,2020,8,3,10,215,301,3.0,10,1.0,1,7,0.3,-8.6,0.3,1.0,-86,0.5366666666666667
Tennessee Volunteers,2021,8,6,12,455,378,4.0,8,1.0,4,6,0.5,6.416666666666667,0.5,0.25,77,0.5520493395493395
Tennessee Volunteers,2022,8,10,12,534,272,6.0,8,3.0,3,2,0.8333333333333334,21.833333333333332,0.75,1.0,262,0.5470959595959596
Tennessee Volunteers,2023,8,7,11,324,248,4.0,8,2.0,2,4,0.6363636363636364,6.909090909090909,0.5,1.0,76,0.5432037659310387
Tennessee Volunteers,2024,8,8,11,339,206,6.0,8,2.0,3,3,0.7272727272727273,12.090909090909092,0.75,0.6666666666666666,133,0.4465564738292011
Tennessee Volunteers,2025,8,6,11,403,349,4.0,8,2.0,5,5,0.5454545454545454,4.909090909090909,0.5,0.4,54,0.47344675526493707
Texas A&M Aggies,2015,8,7,12,320,269,4.0,8,2.0,3,5,0.5833333333333334,4.25,0.5,0.6666666666666666,51,0.5185476560476561
Texas A&M Aggies,2016,8,6,11,363,309,4.0,8,2.0,5,5,0.5454545454545454,4.909090909090909,0.5,0.4,54,0.5033375715193897
Texas A&M Aggies,2017,8,6,12,401,385,4.0,8,4.0,6,6,0.5,1.3333333333333333,0.5,0.6666666666666666,16,0.5148277648277648
Texas A&M Aggies,2018,8,7,11,368,302,5.0,8,4.0,6,4,0.6363636363636364,6.0,0.625,0.6666666666666666,66,0.5819362455726093
Texas A&M Aggies,2019,8,6,11,277,276,4.0,8,3.0,4,5,0.5454545454545454,0.09090909090909091,0.5,0.75,1,0.5385992795083704
Texas A&M Aggies,2020,8,9,10,326,217,8.0,9,2.0,2,1,0.9,10.9,0.8888888888888888,1.0,109,0.4512121212121212
Texas A&M Aggies,2021,8,7,11,300,188,4.0,8,2.0,4,4,0.6363636363636364,10.181818181818182,0.5,0.5,112,0.4754750300204846
Texas A&M Aggies,2022,8,3,10,222,251,2.0,8,1.0,6,7,0.3,-2.9,0.25,0.16666666666666666,-29,0.5366666666666667
Texas A&M Aggies,2023,8,6,12,395,277,4.0,8,0.0,3,6,0.5,9.833333333333334,0.5,0.0,118,0.4757057757057757
Texas A&M Aggies,2024,8,6,10,292,253,5.0,8,2.0,4,4,0.6,3.9,0.625,0.5,39,0.5357954545454545
Texas A&M Aggies,2025,8,9,11,350,233,7.0,8,3.0,4,2,0.8181818181818182,10.636363636363637,0.875,0.75,117,0.4233569460842188
Texas Longhorns,2015,4,4,10,272,298,4.0,9,2.0,5,6,0.4,-2.6,0.4444444444444444,0.4,-26,0.5237062937062937
Texas Longhorns,2016,4,3,10,292,324,3.0,9,1.0,6,7,0.3,-3.2,0.3333333333333333,0.16666666666666666,-32,0.49113053613053614
Texas Longhorns,2017,4,7,13,383,276,5.0,9,1.0,5,6,0.5384615384615384,8.23076923076923,0.5555555555555556,0.2,107,0.47998924152770306
Texas Longhorns,2018,4,10,14,435,362,7.0,10,7.0,10,4,0.7142857142857143,5.214285714285714,0.7,0.7,73,0.5041125541125541
Texas Longhorns,2019,4,6,11,365,330,5.0,9,3.0,6,5,0.5454545454545454,3.1818181818181817,0.5555555555555556,0.5,35,0.5586035176944267
Texas Longhorns,2020,4,6,9,368,282,5.0,8,3.0,5,3,0.6666666666666666,9.555555555555555,0.625,0.6,86,0.5505611672278339
Texas Longhorns,2021,4,4,11,365,373,3.0,9,2.0,5,7,0.36363636363636365,-0.7272727272727273,0.3333333333333333,0.4,-8,0.5867768595041323
Texas Longhorns,2022,4,7,12,407,261,6.0,9,2.0,7,5,0.5833333333333334,12.166666666666666,0.6666666666666666,0.2857142857142857,146,0.5436410811410811
Texas Longhorns,2023,4,12,14,501,265,9.0,10,3.0,5,2,0.8571428571428571,16.857142857142858,0.9,0.6,236,0.5572094572094571
Texas Longhorns,2024,8,13,16,528,245,7.0,9,1.0,2,3,0.8125,17.6875,0.7777777777777778,0.5,283,0.5492091242091242
Texas Longhorns,2025,8,8,11,314,254,6.0,8,3.0,4,3,0.7272727272727273,5.454545454545454,0.75,0.75,60,0.5413011231193049
Texas State Bobcats,2015,37,2,10,210,390,2.0,8,0.0,1,8,0.2,-18.0,0.25,0.0,-180,0.4904895104895105
Texas State Bobcats,2016,37,1,11,175,476,0.0,8,1.0,2,10,0.09090909090909091,-27.363636363636363,0.0,0.5,-301,0.5113477431659249
Texas State Bobcats,2017,37,1,10,173,348,1.0,8,0.0,2,9,0.1,-17.5,0.125,0.0,-175,0.5097474747474748
Texas State Bobcats,2018,37,1,9,153,267,1.0,8,0.0,3,8,0.1111111111111111,-12.666666666666666,0.125,0.0,-114,0.45471380471380474
Texas State Bobcats,2019,37,2,11,197,388,2.0,8,2.0,3,9,0.18181818181818182,-17.363636363636363,0.25,0.6666666666666666,-191,0.5245179063360882
Texas State Bobcats,2020,37,2,10,270,355,2.0,8,1.0,4,8,0.2,-8.5,0.25,0.25,-85,0.5371248196248196
Texas State Bobcats,2021,37,3,10,220,337,3.0,8,2.0,3,7,0.3,-11.7,0.375,0.6666666666666666,-117,0.48434343434343435
Texas State Bobcats,2022,37,2,10,178,304,2.0,8,1.0,4,8,0.2,-12.6,0.25,0.25,-126,0.45757575757575764
Texas State Bobcats,2023,37,7,12,400,393,4.0,8,1.0,3,5,0.5833333333333334,0.5833333333333334,0.5,0.3333333333333333,7,0.40101010101010104
Texas State Bobcats,2024,37,7,11,402,252,5.0,8,2.0,4,4,0.6363636363636364,13.636363636363637,0.625,0.5,150,0.4236324281778827
Texas State Bobcats,2025,37,6,12,439,374,3.0,8,1.0,5,6,0.5,5.416666666666667,0.375,0.2,65,0.4422558922558923
Texas Tech Red Raiders,2015,4,5,11,458,502,4.0,9,1.0,3,6,0.45454545454545453,-4.0,0.4444444444444444,0.3333333333333333,-44,0.5338101292646747
Texas Tech Red Raiders,2016,4,3,10,396,460,3.0,9,1.0,4,7,0.3,-6.4,0.3333333333333333,0.25,-64,0.4794638694638695
Texas Tech Red Raiders,2017,4,5,12,390,409,3.0,9,3.0,6,7,0.4166666666666667,-1.5833333333333333,0.3333333333333333,0.5,-19,0.5461635586635586
Texas Tech Red Raiders,2018,4,4,11,371,373,3.0,9,1.0,3,7,0.36363636363636365,-0.18181818181818182,0.3333333333333333,0.3333333333333333,-2,0.5234750098386463
Texas Tech Red Raiders,2019,4,2,10,283,351,2.0,9,0.0,4,8,0.2,-6.8,0.2222222222222222,0.0,-68,0.5012820512820513
Texas Tech Red Raiders,2020,4,3,9,256,334,3.0,9,3.0,5,6,0.3333333333333333,-8.666666666666666,0.3333333333333333,0.6,-78,0.5135241301907968
Texas Tech Red Raiders,2021,4,5,11,312,349,3.0,9,2.0,4,6,0.45454545454545453,-3.3636363636363638,0.3333333333333333,0.5,-37,0.5537190082644629
Texas Tech Red Raiders,2022,4,7,12,382,369,5.0,9,4.0,4,5,0.5833333333333334,1.0833333333333333,0.5555555555555556,1.0,13,0.5192723942723942
Texas Tech Red Raiders,2023,4,6,12,315,335,5.0,9,3.0,5,6,0.5,-1.6666666666666667,0.5555555555555556,0.6,-20,0.5257215007215007
Texas Tech Red Raiders,2024,4,7,12,437,402,6.0,9,3.0,4,5,0.5833333333333334,2.9166666666666665,0.6666666666666666,0.75,35,0.5134171384171384
Texas Tech Red Raiders,2025,4,11,13,485,158,9.0,10,0.0,1,2,0.8461538461538461,25.153846153846153,0.9,0.0,327,0.5054355900509747
Toledo Rockets,2015,15,10,12,420,249,6.0,8,3.0,5,2,0.8333333333333334,14.25,0.75,0.6,171,0.43204711954711955
Toledo Rockets,2016,15,8,11,396,276,6.0,8,2.0,4,3,0.7272727272727273,10.909090909090908,0.75,0.5,120,0.4590379317652045
Toledo Rockets,2017,15,10,13,462,354,8.0,9,2.0,2,3,0.7692307692307693,8.307692307692308,0.8888888888888888,1.0,108,0.4396270396270396
Toledo Rockets,2018,15,6,11,427,359,5.0,8,0.0,1,5,0.5454545454545454,6.181818181818182,0.625,0.0,68,0.44675778766687857
Toledo Rockets,2019,15,4,10,254,365,3.0,8,4.0,5,6,0.4,-11.1,0.375,0.8,-111,0.4404040404040404
Toledo Rockets,2020,15,4,6,210,146,4.0,6,1.0,3,2,0.6666666666666666,10.666666666666666,0.6666666666666666,0.3333333333333333,64,0.3958333333333333
Toledo Rockets,2021,15,5,9,287,203,5.0,8,0.0,3,4,0.5555555555555556,9.333333333333334,0.625,0.0,84,0.40086765086765086
Toledo Rockets,2022,15,6,11,325,322,6.0,9,2.0,6,5,0.5454545454545454,0.2727272727272727,0.6666666666666666,0.3333333333333333,3,0.4776859504132231
Toledo Rockets,2023,15,9,12,340,257,8.0,9,5.0,7,3,0.75,6.916666666666667,0.8888888888888888,0.7142857142857143,83,0.48813131313131314
Toledo Rockets,2024,15,6,10,260,243,4.0,8,3.0,4,4,0.6,1.7,0.5,0.75,17,0.4378282828282828
Toledo Rockets,2025,15,6,11,296,152,6.0,8,0.0,3,5,0.5454545454545454,13.090909090909092,0.75,0.0,144,0.41110404746768386
Troy Trojans,2015,37,3,11,291,323,3.0,8,0.0,3,8,0.2727272727272727,-2.909090909090909,0.375,0.0,-32,0.4678639542275906
Troy Trojans,2016,37,7,10,292,208,6.0,8,3.0,5,3,0.7,8.4,0.75,0.6,84,0.48230935730935726
Troy Trojans,2017,37,9,11,326,203,7.0,8,5.0,5,2,0.8181818181818182,11.181818181818182,0.875,1.0,123,0.4290668927032563
Troy Trojans,2018,37,9,11,324,257,7.0,8,2.0,2,2,0.8181818181818182,6.090909090909091,0.875,1.0,67,0.42851239669421487
Troy Trojans,2019,37,4,10,321,356,3.0,8,0.0,2,6,0.4,-3.5,0.375,0.0,-35,0.41954545454545455
Troy Trojans,2020,37,3,7,199,172,3.0,7,0.0,3,4,0.42857142857142855,3.857142857142857,0.42857142857142855,0.0,27,0.5198412698412699
Troy Trojans,2021,37,3,9,185,280,3.0,8,3.0,4,6,0.3333333333333333,-10.555555555555555,0.375,0.75,-95,0.5125701459034793
Troy Trojans,2022,37,8,10,258,175,8.0,9,3.0,4,2,0.8,8.3,0.8888888888888888,0.75,83,0.452979797979798
Troy Trojans,2023,37,8,11,321,186,8.0,9,1.0,3,3,0.7272727272727273,12.272727272727273,0.8888888888888888,0.3333333333333333,135,0.4761919898283535
Troy Trojans,2024,37,3,11,278,329,3.0,8,0.0,3,8,0.2727272727272727,-4.636363636363637,0.375,0.0,-51,0.4834710743801653
Troy Trojans,2025,37,7,12,278,298,6.0,9,3.0,3,5,0.5833333333333334,-1.6666666666666667,0.6666666666666666,1.0,-20,0.4522306397306397
Tulane Green Wave,2015,151,1,10,164,397,1.0,8,0.0,1,9,0.1,-23.3,0.125,0.0,-233,0.4946309246309246
Tulane Green Wave,2016,151,2,10,192,287,1.0,8,1.0,4,8,0.2,-9.5,0.125,0.25,-95,0.5325757575757575
Tulane Green Wave,2017,151,3,9,256,296,3.0,8,2.0,6,6,0.3333333333333333,-4.444444444444445,0.375,0.3333333333333333,-40,0.5251618751618752
Tulane Green Wave,2018,151,6,11,283,310,5.0,8,3.0,5,5,0.5454545454545454,-2.4545454545454546,0.625,0.6,-27,0.4817137408046499
Tulane Green Wave,2019,151,3,9,258,276,3.0,8,1.0,3,6,0.3333333333333333,-2.0,0.375,0.3333333333333333,-18,0.5608521108521108
Tulane Green Wave,2020,151,4,10,312,301,3.0,8,1.0,4,6,0.4,1.1,0.375,0.25,11,0.5015873015873016
Tulane Green Wave,2021,151,1,10,241,360,1.0,8,0.0,4,9,0.1,-11.9,0.125,0.0,-119,0.6132828282828282
Tulane Green Wave,2022,151,10,12,410,301,8.0,9,4.0,6,2,0.8333333333333334,9.083333333333334,0.8888888888888888,0.6666666666666666,109,0.5153943278943279
Tulane Green Wave,2023,151,10,13,333,280,8.0,9,4.0,4,3,0.7692307692307693,4.076923076923077,0.8888888888888888,1.0,53,0.46158328850636543
Tulane Green Wave,2024,151,8,13,439,289,7.0,9,0.0,1,5,0.6153846153846154,11.538461538461538,0.7777777777777778,0.0,150,0.5357808857808858
Tulane Green Wave,2025,151,11,14,388,335,8.0,9,5.0,5,3,0.7857142857142857,3.7857142857142856,0.8888888888888888,1.0,53,0.5176287997716569
Tulsa Golden Hurricane,2015,151,5,12,436,474,3.0,8,0.0,1,7,0.4166666666666667,-3.1666666666666665,0.375,0.0,-38,0.46372377622377625
Tulsa Golden Hurricane,2016,151,9,12,494,367,6.0,8,3.0,5,3,0.75,10.583333333333334,0.75,0.6,127,0.4070027195027195
Tulsa Golden Hurricane,2017,151,2,12,352,450,1.0,8,0.0,5,10,0.16666666666666666,-8.166666666666666,0.125,0.0,-98,0.5260586635586636
Tulsa Golden Hurricane,2018,151,2,11,251,328,2.0,8,1.0,4,9,0.18181818181818182,-7.0,0.25,0.25,-77,0.44074561801834533
Tulsa Golden Hurricane,2019,151,4,12,317,376,2.0,8,2.0,4,8,0.3333333333333333,-4.916666666666667,0.25,0.5,-59,0.556928256928257
Tulsa Golden Hurricane,2020,151,6,9,244,194,6.0,7,3.0,5,3,0.6666666666666666,5.555555555555555,0.8571428571428571,0.6,50,0.48510101010101014
Tulsa Golden Hurricane,2021,151,6,11,296,310,5.0,8,5.0,7,5,0.5454545454545454,-1.2727272727272727,0.625,0.7142857142857143,-14,0.47963198417743874
Tulsa Golden Hurricane,2022,151,4,11,313,380,3.0,8,3.0,4,7,0.36363636363636365,-6.090909090909091,0.375,0.75,-67,0.44136822773186407
Tulsa Golden Hurricane,2023,151,3,11,239,399,2.0,8,1.0,5,8,0.2727272727272727,-14.545454545454545,0.25,0.2,-160,0.4836617927527019
Tulsa Golden Hurricane,2024,151,1,10,215,462,1.0,8,1.0,3,9,0.1,-24.7,0.125,0.3333333333333333,-247,0.4265656565656566
Tulsa Golden Hurricane,2025,151,3,10,229,319,1.0,8,2.0,4,7,0.3,-9.0,0.125,0.5,-90,0.45872294372294375
UAB Blazers,2023,151,3,11,324,437,3.0,8,1.0,2,8,0.2727272727272727,-10.272727272727273,0.375,0.5,-113,0.5268948223493678
UAB Blazers,2024,151,2,10,250,377,2.0,8,0.0,1,8,0.2,-12.7,0.25,0.0,-127,0.5275990675990676
UAB Blazers,2025,151,3,10,246,379,2.0,8,3.0,4,7,0.3,-13.3,0.25,0.75,-133,0.5365850815850816
UCF Knights,2015,151,0,10,138,421,0.0,8,0.0,0,10,0.0,-28.3,0.0,0.0,-283,0.5334887334887335
UCF Knights,2016,151,4,11,283,306,4.0,8,0.0,3,7,0.36363636363636365,-2.090909090909091,0.5,0.0,-23,0.5127675354948082
UCF Knights,2017,151,11,11,493,279,9.0,9,4.0,4,0,1.0,19.454545454545453,1.0,1.0,214,0.5059122695486331
UCF Knights,2018,151,10,11,468,259,9.0,9,1.0,1,1,0.9090909090909091,19.0,1.0,1.0,209,0.4615384615384615
UCF Knights,2019,151,7,10,406,260,6.0,8,1.0,4,3,0.7,14.6,0.75,0.25,146,0.34773115773115776
UCF Knights,2020,151,6,9,399,283,5.0,8,0.0,2,3,0.6666666666666666,12.88888888888889,0.625,0.0,116,0.42367724867724865
UCF Knights,2021,151,7,11,303,288,5.0,8,4.0,6,4,0.6363636363636364,1.3636363636363635,0.625,0.6666666666666666,15,0.40615243342516066
UCF Knights,2022,151,7,12,364,307,6.0,9,4.0,6,5,0.5833333333333334,4.75,0.6666666666666666,0.6666666666666666,57,0.501955451955452
UCF Knights,2023,4,5,12,359,321,3.0,9,2.0,5,7,0.4166666666666667,3.1666666666666665,0.3333333333333333,0.4,38,0.4696969696969697
UCF Knights,2024,4,2,10,263,306,2.0,9,1.0,4,8,0.2,-4.3,0.2222222222222222,0.25,-43,0.5721611721611721
UCF Knights,2025,4,3,10,207,266,2.0,9,1.0,3,7,0.3,-5.9,0.2222222222222222,0.3333333333333333,-59,0.4669580419580419
UCLA Bruins,2015,9,7,12,395,315,5.0,9,1.0,2,5,0.5833333333333334,6.666666666666667,0.5555555555555556,0.5,80,0.4744463869463869
UCLA Bruins,2016,9,3,11,282,316,2.0,9,0.0,4,8,0.2727272727272727,-3.090909090909091,0.2222222222222222,0.0,-34,0.4981987709260436
UCLA Bruins,2017,9,6,13,422,476,4.0,9,4.0,6,7,0.46153846153846156,-4.153846153846154,0.4444444444444444,0.6666666666666666,-54,0.5200675392983085
UCLA Bruins,2018,9,3,12,295,409,3.0,9,2.0,5,9,0.25,-9.5,0.3333333333333333,0.4,-114,0.6107905982905982
UCLA Bruins,2019,9,4,12,320,417,4.0,9,1.0,2,8,0.3333333333333333,-8.083333333333334,0.4444444444444444,0.5,-97,0.558479020979021
UCLA Bruins,2020,9,3,7,248,215,3.0,7,1.0,5,4,0.42857142857142855,4.714285714285714,0.42857142857142855,0.2,33,0.49829931972789115
UCLA Bruins,2021,9,8,12,438,321,6.0,9,1.0,3,4,0.6666666666666666,9.75,0.6666666666666666,0.3333333333333333,117,0.439005439005439
UCLA Bruins,2022,9,8,12,465,370,6.0,9,2.0,5,4,0.6666666666666666,7.916666666666667,0.6666666666666666,0.4,95,0.5045778295778296
UCLA Bruins,2023,9,7,12,285,232,4.0,9,0.0,1,5,0.5833333333333334,4.416666666666667,0.4444444444444444,0.0,53,0.46835664335664334
UCLA Bruins,2024,5,5,12,221,303,3.0,9,5.0,7,7,0.4166666666666667,-6.833333333333333,0.3333333333333333,0.7142857142857143,-82,0.5978826728826728
UCLA Bruins,2025,5,3,12,218,401,3.0,9,2.0,5,9,0.25,-15.25,0.3333333333333333,0.4,-183,0.6147047397047397
UConn Huskies,2017,151,2,11,256,435,2.0,8,2.0,4,9,0.18181818181818182,-16.272727272727273,0.25,0.5,-179,0.5213498622589532
UConn Huskies,2018,151,0,10,193,534,0.0,8,0.0,0,10,0.0,-34.1,0.0,0.0,-341,0.5797552447552448
UConn Huskies,2019,151,0,10,147,430,0.0,8,0.0,2,10,0.0,-28.3,0.0,0.0,-283,0.48418803418803424
UL Monroe Warhawks,2018,37,4,10,264,330,4.0,8,1.0,2,6,0.4,-6.6,0.5,0.5,-66,0.41424242424242425
UL Monroe Warhawks,2019,37,4,11,348,455,4.0,8,1.0,4,7,0.36363636363636365,-9.727272727272727,0.5,0.25,-107,0.5044712862894681
UL Monroe Warhawks,2020,37,0,7,143,312,0.0,7,0.0,1,7,0.0,-24.142857142857142,0.0,0.0,-169,0.503968253968254
UL Monroe Warhawks,2021,37,2,10,208,367,2.0,8,0.0,2,8,0.2,-15.9,0.25,0.0,-159,0.5259090909090909
UL Monroe Warhawks,2022,37,3,10,209,358,3.0,8,3.0,5,7,0.3,-14.9,0.375,0.6,-149,0.5207575757575758
UL Monroe Warhawks,2023,37,0,10,167,392,0.0,8,0.0,2,10,0.0,-22.5,0.0,0.0,-225,0.5175990675990676
UL Monroe Warhawks,2024,37,4,11,222,331,3.0,8,2.0,4,7,0.36363636363636365,-9.909090909090908,0.375,0.5,-109,0.49287190082644633
UL Monroe Warhawks,2025,37,1,10,139,358,1.0,8,0.0,1,9,0.1,-21.9,0.125,0.0,-219,0.5262265512265512
UNLV Rebels,2015,17,2,11,263,396,2.0,8,1.0,4,9,0.18181818181818182,-12.090909090909092,0.25,0.25,-133,0.484170375079466
UNLV Rebels,2016,17,3,11,316,428,3.0,8,2.0,4,8,0.2727272727272727,-10.181818181818182,0.375,0.5,-112,0.44995761813943635
UNLV Rebels,2017,17,5,10,285,307,4.0,8,1.0,3,5,0.5,-2.2,0.5,0.3333333333333333,-22,0.40239316239316236
UNLV Rebels,2018,17,2,10,247,406,2.0,8,2.0,5,8,0.2,-15.9,0.25,0.4,-159,0.5067365967365968
UNLV Rebels,2019,17,3,11,234,373,2.0,8,2.0,3,8,0.2727272727272727,-12.636363636363637,0.25,0.6666666666666666,-139,0.4465564738292011
UNLV Rebels,2020,17,0,6,104,228,0.0,6,0.0,0,6,0.0,-20.666666666666668,0.0,0.0,-124,0.6021825396825397
UNLV Rebels,2021,17,2,10,199,335,2.0,8,0.0,2,8,0.2,-13.6,0.25,0.0,-136,0.5529292929292929
UNLV Rebels,2022,17,3,9,185,250,3.0,8,1.0,5,6,0.3333333333333333,-7.222222222222222,0.375,0.2,-65,0.40757575757575754
UNLV Rebels,2023,17,7,12,393,358,6.0,9,3.0,5,5,0.5833333333333334,2.9166666666666665,0.6666666666666666,0.6,35,0.4813196063196063
UNLV Rebels,2024,17,10,13,423,284,6.0,8,2.0,4,3,0.7692307692307693,10.692307692307692,0.75,0.5,139,0.43612157073695534
UNLV Rebels,2025,17,8,12,401,340,6.0,9,4.0,6,4,0.6666666666666666,5.083333333333333,0.6666666666666666,0.6666666666666666,61,0.43614672364672363
USC Trojans,2015,9,8,13,444,319,6.0,10,2.0,4,5,0.6153846153846154,9.615384615384615,0.6,0.5,125,0.5862022592791823
USC Trojans,2016,9,9,12,402,288,7.0,9,2.0,3,3,0.75,9.5,0.7777777777777778,0.6666666666666666,114,0.5227508602508603
USC Trojans,2017,9,11,13,442,317,9.0,10,4.0,5,2,0.8461538461538461,9.615384615384615,0.9,0.8,125,0.48529675452752374
USC Trojans,2018,9,5,11,296,300,4.0,9,2.0,5,6,0.45454545454545453,-0.36363636363636365,0.4444444444444444,0.4,-4,0.4652105470287289
USC Trojans,2019,9,8,11,368,322,7.0,9,3.0,3,3,0.7272727272727273,4.181818181818182,0.7777777777777778,1.0,46,0.5097054460690824
USC Trojans,2020,9,5,6,200,156,5.0,6,3.0,4,1,0.8333333333333334,7.333333333333333,0.8333333333333334,0.75,44,0.3916666666666666
USC Trojans,2021,9,4,10,297,315,3.0,9,1.0,1,6,0.4,-1.8,0.3333333333333333,1.0,-18,0.44075757575757574
USC Trojans,2022,9,9,12,475,368,8.0,10,3.0,5,3,0.75,8.916666666666666,0.8,0.6,107,0.4937095312095312
USC Trojans,2023,9,8,12,524,399,5.0,9,3.0,4,4,0.6666666666666666,10.416666666666666,0.5555555555555556,0.75,125,0.5200757575757576
USC Trojans,2024,5,7,12,357,264,4.0,9,3.0,8,5,0.5833333333333334,7.75,0.4444444444444444,0.375,93,0.4963578088578089
USC Trojans,2025,5,8,11,368,252,7.0,9,2.0,4,3,0.7272727272727273,10.545454545454545,0.7777777777777778,0.5,116,0.5115202978839343
UTSA Roadrunners,2023,151,9,12,386,276,7.0,8,1.0,2,3,0.75,9.166666666666666,0.875,0.5,110,0.3986985236985237
UTSA Roadrunners,2024,151,5,11,358,368,4.0,8,0.0,3,6,0.45454545454545453,-0.9090909090909091,0.5,0.0,-10,0.4918158861340679
UTSA Roadrunners,2025,151,5,11,357,335,4.0,8,1.0,4,6,0.45454545454545453,2.0,0.5,0.25,22,0.5051009596464142
Utah State Aggies,2015,17,5,11,337,287,5.0,8,1.0,4,6,0.45454545454545453,4.545454545454546,0.625,0.25,50,0.5109769018859928
Utah State Aggies,2016,17,2,10,232,318,1.0,8,0.0,4,8,0.2,-8.6,0.125,0.0,-86,0.5737412587412588
Utah State Aggies,2017,17,4,11,301,313,4.0,8,0.0,3,7,0.36363636363636365,-1.0909090909090908,0.5,0.0,-12,0.47589884862612136
Utah State Aggies,2018,17,7,9,388,231,7.0,8,1.0,2,2,0.7777777777777778,17.444444444444443,0.875,0.5,157,0.3870456703790037
Utah State Aggies,2019,17,6,11,304,350,6.0,8,3.0,4,5,0.5454545454545454,-4.181818181818182,0.75,0.75,-46,0.543939393939394
Utah State Aggies,2020,17,1,6,93,211,1.0,6,0.0,0,5,0.16666666666666666,-19.666666666666668,0.16666666666666666,0.0,-118,0.5947089947089946
Utah State Aggies,2021,17,9,11,353,271,7.0,9,4.0,4,2,0.8181818181818182,7.454545454545454,0.7777777777777778,1.0,82,0.43654729109274565
Utah State Aggies,2022,17,5,10,225,312,5.0,8,4.0,4,5,0.5,-8.7,0.625,1.0,-87,0.47393939393939394
Utah State Aggies,2023,17,4,11,319,390,4.0,8,1.0,3,7,0.36363636363636365,-6.454545454545454,0.5,0.3333333333333333,-71,0.4853278035096217
Utah State Aggies,2024,17,3,11,347,439,3.0,7,1.0,3,8,0.2727272727272727,-8.363636363636363,0.42857142857142855,0.3333333333333333,-92,0.468340750158932
Utah State Aggies,2025,17,4,11,326,350,4.0,8,1.0,3,7,0.36363636363636365,-2.1818181818181817,0.5,0.3333333333333333,-24,0.5454086317722682
Utah Utes,2015,9,9,12,363,262,6.0,9,3.0,4,3,0.75,8.416666666666666,0.6666666666666666,0.75,101,0.4599941724941725
Utah Utes,2016,9,7,11,344,292,5.0,9,4.0,8,4,0.6363636363636364,4.7272727272727275,0.5555555555555556,0.5,52,0.42842763297308745
Utah Utes,2017,9,5,11,328,272,3.0,9,1.0,4,6,0.45454545454545453,5.090909090909091,0.3333333333333333,0.25,56,0.5232040686586141
Utah Utes,2018,9,7,12,317,235,6.0,10,1.0,3,5,0.5833333333333334,6.833333333333333,0.6,0.3333333333333333,82,0.567035742035742
Utah Utes,2019,9,9,12,391,198,8.0,10,1.0,2,3,0.75,16.083333333333332,0.8,0.5,193,0.4922299922299922
Utah Utes,2020,9,3,5,151,130,3.0,5,1.0,2,2,0.6,4.2,0.6,0.5,21,0.5571428571428572
Utah Utes,2021,9,9,12,449,273,9.0,10,0.0,2,3,0.75,14.666666666666666,0.9,0.0,176,0.5369075369075369
Utah Utes,2022,9,9,13,468,293,8.0,10,2.0,4,4,0.6923076923076923,13.461538461538462,0.8,0.5,175,0.5147779570856493
Utah Utes,2023,9,7,12,270,244,5.0,9,4.0,6,5,0.5833333333333334,2.1666666666666665,0.5555555555555556,0.6666666666666666,26,0.5335858585858586
Utah Utes,2024,4,4,11,234,248,3.0,10,1.0,5,7,0.36363636363636365,-1.2727272727272727,0.3,0.2,-14,0.5059591923228287
Utah Utes,2025,4,10,12,474,237,7.0,9,1.0,2,2,0.8333333333333334,19.75,0.7777777777777778,0.5,237,0.4528943278943279
Vanderbilt Commodores,2015,8,2,9,106,218,2.0,8,2.0,3,7,0.2222222222222222,-12.444444444444445,0.25,0.6666666666666666,-112,0.5786454286454287
Vanderbilt Commodores,2016,8,3,10,186,241,3.0,8,1.0,5,7,0.3,-5.5,0.375,0.2,-55,0.510909090909091
Vanderbilt Commodores,2017,8,2,9,194,353,1.0,8,1.0,2,7,0.2222222222222222,-17.666666666666668,0.125,0.5,-159,0.5301389968056635
Vanderbilt Commodores,2018,8,4,10,287,290,3.0,8,1.0,4,6,0.4,-0.3,0.375,0.25,-3,0.4988888888888889
Vanderbilt Commodores,2019,8,2,11,160,381,1.0,8,2.0,2,9,0.18181818181818182,-20.09090909090909,0.125,1.0,-221,0.5210743801652893
Vanderbilt Commodores,2020,8,0,9,133,336,0.0,9,0.0,3,9,0.0,-22.555555555555557,0.0,0.0,-203,0.4872053872053872
Vanderbilt Commodores,2021,8,1,10,156,379,0.0,8,1.0,2,9,0.1,-22.3,0.0,0.5,-223,0.5141258741258741
Vanderbilt Commodores,2022,8,4,11,253,401,2.0,8,2.0,3,7,0.36363636363636365,-13.454545454545455,0.25,0.6666666666666666,-148,0.5407713498622589
Vanderbilt Commodores,2023,8,1,11,227,421,0.0,8,1.0,2,10,0.09090909090909091,-17.636363636363637,0.0,0.5,-194,0.5391502436956983
Vanderbilt Commodores,2024,8,6,12,300,304,3.0,8,3.0,7,6,0.5,-0.3333333333333333,0.375,0.42857142857142855,-4,0.5218264374514374
Vanderbilt Commodores,2025,8,9,12,455,294,6.0,8,3.0,5,3,0.75,13.416666666666666,0.75,0.6,161,0.43187229437229435
Virginia Cavaliers,2015,1,3,10,247,323,3.0,8,2.0,6,7,0.3,-7.6,0.375,0.3333333333333333,-76,0.5343939393939394
Virginia Cavaliers,2016,1,2,11,250,368,1.0,8,0.0,3,9,0.18181818181818182,-10.727272727272727,0.125,0.0,-118,0.4807621671258035
Virginia Cavaliers,2017,1,5,12,265,359,3.0,8,3.0,3,7,0.4166666666666667,-7.833333333333333,0.375,1.0,-94,0.4834628334628335
Virginia Cavaliers,2018,1,6,11,283,224,4.0,8,1.0,4,5,0.5454545454545454,5.363636363636363,0.5,0.25,59,0.4255280073461892
Virginia Cavaliers,2019,1,6,10,294,284,6.0,9,3.0,4,4,0.6,1.0,0.6666666666666666,0.75,10,0.5502874902874904
Virginia Cavaliers,2020,1,4,9,252,281,4.0,9,1.0,2,5,0.4444444444444444,-3.2222222222222223,0.4444444444444444,0.5,-29,0.5123737373737374
Virginia Cavaliers,2021,1,5,9,320,288,4.0,8,2.0,3,4,0.5555555555555556,3.5555555555555554,0.5,0.6666666666666666,32,0.4548821548821549
Virginia Cavaliers,2022,1,2,9,136,223,1.0,7,2.0,5,7,0.2222222222222222,-9.666666666666666,0.14285714285714285,0.4,-87,0.5261201761201761
Virginia Cavaliers,2023,1,2,11,252,392,2.0,8,2.0,7,9,0.18181818181818182,-12.727272727272727,0.25,0.2857142857142857,-140,0.5933036660309388
Virginia Cavaliers,2024,1,4,10,224,297,3.0,8,2.0,3,6,0.4,-7.3,0.375,0.6666666666666666,-73,0.4795804195804195
Virginia Cavaliers,2025,1,10,13,376,258,7.0,10,4.0,7,3,0.7692307692307693,9.076923076923077,0.7,0.5714285714285714,118,0.4931235431235431
Virginia Tech Hokies,2015,1,6,12,361,339,4.0,8,3.0,7,6,0.5,1.8333333333333333,0.5,0.42857142857142855,22,0.44802188552188554
Virginia Tech Hokies,2016,1,8,12,420,275,6.0,9,2.0,3,4,0.6666666666666666,12.083333333333334,0.6666666666666666,0.6666666666666666,145,0.47805435305435307
Virginia Tech Hokies,2017,1,7,11,301,192,5.0,8,2.0,3,4,0.6363636363636364,9.909090909090908,0.625,0.6666666666666666,109,0.4908384544748181
Virginia Tech Hokies,2018,1,4,9,227,272,4.0,8,2.0,3,5,0.4444444444444444,-5.0,0.5,0.6666666666666666,-45,0.48653198653198654
Virginia Tech Hokies,2019,1,5,9,292,249,5.0,8,2.0,4,4,0.5555555555555556,4.777777777777778,0.625,0.5,43,0.4858585858585859
Virginia Tech Hokies,2020,1,5,10,307,315,5.0,10,2.0,4,5,0.5,-0.8,0.5,0.5,-8,0.5055808080808081
Virginia Tech Hokies,2021,1,4,10,223,273,4.0,8,2.0,4,6,0.4,-5.0,0.5,0.5,-50,0.4322222222222222
Virginia Tech Hokies,2022,1,1,9,162,243,1.0,7,0.0,4,8,0.1111111111111111,-9.0,0.14285714285714285,0.0,-81,0.46307519640852973
Virginia Tech Hokies,2023,1,7,13,384,311,5.0,8,0.0,3,6,0.5384615384615384,5.615384615384615,0.625,0.0,73,0.4811099157253003
Virginia Tech Hokies,2024,1,6,13,366,297,4.0,8,0.0,5,7,0.46153846153846156,5.3076923076923075,0.5,0.0,69,0.5476600322754168
Virginia Tech Hokies,2025,1,2,11,219,356,2.0,8,1.0,2,9,0.18181818181818182,-12.454545454545455,0.25,0.5,-137,0.6125707625707626
Wake Forest Demon Deacons,2015,1,1,9,144,250,1.0,8,1.0,4,8,0.1111111111111111,-11.777777777777779,0.125,0.25,-106,0.5211387378054044
Wake Forest Demon Deacons,2016,1,6,11,214,246,3.0,8,3.0,4,5,0.5454545454545454,-2.909090909090909,0.375,0.75,-32,0.4642135642135642
Wake Forest Demon Deacons,2017,1,7,11,371,313,4.0,8,3.0,4,4,0.6363636363636364,5.2727272727272725,0.5,0.75,58,0.5457936003390549
Wake Forest Demon Deacons,2018,1,5,10,293,333,3.0,8,3.0,4,5,0.5,-4.0,0.375,0.75,-40,0.5483916083916084
Wake Forest Demon Deacons,2019,1,6,11,324,350,5.0,9,4.0,6,5,0.5454545454545454,-2.3636363636363638,0.5555555555555556,0.6666666666666666,-26,0.49452920816557183
Wake Forest Demon Deacons,2020,1,3,8,258,281,3.0,7,1.0,3,5,0.375,-2.875,0.42857142857142855,0.3333333333333333,-23,0.5008477633477634
Wake Forest Demon Deacons,2021,1,8,11,421,322,7.0,10,3.0,4,3,0.7272727272727273,9.0,0.7,0.75,99,0.4801652892561984
Wake Forest Demon Deacons,2022,1,5,10,343,312,3.0,8,0.0,3,5,0.5,3.1,0.375,0.0,31,0.5448212898212899
Wake Forest Demon Deacons,2023,1,3,10,199,264,1.0,8,2.0,5,7,0.3,-6.5,0.125,0.4,-65,0.5052447552447552
Wake Forest Demon Deacons,2024,1,2,10,240,357,2.0,8,2.0,6,8,0.2,-11.7,0.25,0.3333333333333333,-117,0.5271095571095571
Wake Forest Demon Deacons,2025,1,6,10,261,254,4.0,8,3.0,4,4,0.6,0.7,0.5,0.75,7,0.46268065268065267
Washington Huskies,2015,9,5,11,305,213,4.0,9,1.0,4,6,0.45454545454545453,8.363636363636363,0.4444444444444444,0.25,92,0.5777707141343504
Washington Huskies,2016,9,11,13,544,245,9.0,10,2.0,2,2,0.8461538461538461,23.0,0.9,1.0,299,0.5088757396449703
Washington Huskies,2017,9,9,12,408,202,7.0,9,1.0,3,3,0.75,17.166666666666668,0.7777777777777778,0.3333333333333333,206,0.4764471639471639
Washington Huskies,2018,9,8,12,289,219,8.0,10,4.0,8,4,0.6666666666666666,5.833333333333333,0.8,0.5,70,0.5401334776334776
Washington Huskies,2019,9,6,11,324,219,4.0,9,0.0,4,5,0.5454545454545454,9.545454545454545,0.4444444444444444,0.0,105,0.5583280356007628
Washington Huskies,2020,9,3,4,121,100,3.0,4,2.0,3,1,0.75,5.25,0.75,0.6666666666666666,21,0.38809523809523805
Washington Huskies,2021,9,4,11,251,259,3.0,9,3.0,7,7,0.36363636363636365,-0.7272727272727273,0.3333333333333333,0.42857142857142855,-8,0.4543577634486725
Washington Huskies,2022,9,10,12,464,330,7.0,9,4.0,5,2,0.8333333333333334,11.166666666666666,0.7777777777777778,0.8,134,0.4206228956228956
Washington Huskies,2023,9,14,15,540,372,10.0,10,7.0,7,1,0.9333333333333333,11.2,1.0,1.0,168,0.5655655455655456
Washington Huskies,2024,5,5,12,269,306,4.0,9,1.0,4,7,0.4166666666666667,-3.0833333333333335,0.4444444444444444,0.25,-37,0.5972286972286972
Washington Huskies,2025,5,8,12,373,233,5.0,9,1.0,2,4,0.6666666666666666,11.666666666666666,0.5555555555555556,0.5,140,0.46112359862359864
Washington State Cougars,2015,9,9,12,392,336,6.0,9,5.0,7,3,0.75,4.666666666666667,0.6666666666666666,0.7142857142857143,56,0.43945221445221444
Washington State Cougars,2016,9,8,12,454,298,7.0,9,3.0,5,4,0.6666666666666666,13.0,0.7777777777777778,0.6,156,0.506993006993007
Washington State Cougars,2017,9,8,12,363,335,6.0,9,3.0,3,4,0.6666666666666666,2.3333333333333335,0.6666666666666666,1.0,28,0.515928515928516
Washington State Cougars,2018,9,10,12,429,279,7.0,9,4.0,5,2,0.8333333333333334,12.5,0.7777777777777778,0.8,150,0.4575757575757576
Washington State Cougars,2019,9,4,11,374,384,3.0,9,2.0,5,7,0.36363636363636365,-0.9090909090909091,0.3333333333333333,0.4,-10,0.5241682559864378
Washington State Cougars,2020,9,1,4,108,154,1.0,4,0.0,0,3,0.25,-11.5,0.25,0.0,-46,0.5726190476190476
Washington State Cougars,2021,9,6,11,299,270,6.0,9,2.0,4,5,0.5454545454545454,2.6363636363636362,0.6666666666666666,0.5,29,0.5030197075651621
Washington State Cougars,2022,9,6,12,315,281,4.0,9,1.0,3,6,0.5,2.8333333333333335,0.4444444444444444,0.3333333333333333,34,0.5178354053354054
Washington State Cougars,2023,9,4,11,316,316,2.0,9,1.0,4,7,0.36363636363636365,0.0,0.2222222222222222,0.25,0,0.5258105530832804
Washington State Cougars,2024,9,7,12,406,359,0.0,1,3.0,6,5,0.5833333333333334,3.9166666666666665,0.0,0.5,47,0.43465423465423464
Washington State Cougars,2025,9,5,11,252,250,1.0,2,0.0,4,6,0.45454545454545453,0.18181818181818182,0.5,0.0,2,0.5308358308358309
West Virginia Mountaineers,2015,4,7,12,401,303,4.0,9,2.0,4,5,0.5833333333333334,8.166666666666666,0.4444444444444444,0.5,98,0.47796231546231543
West Virginia Mountaineers,2016,4,8,11,332,259,7.0,9,3.0,3,3,0.7272727272727273,6.636363636363637,0.7777777777777778,1.0,73,0.46066963339690614
West Virginia Mountaineers,2017,4,6,12,390,393,5.0,9,3.0,5,6,0.5,-0.25,0.5555555555555556,0.6,-3,0.4882867132867133
West Virginia Mountaineers,2018,4,7,11,431,309,6.0,9,1.0,3,4,0.6363636363636364,11.090909090909092,0.6666666666666666,0.3333333333333333,122,0.5056605011150466
West Virginia Mountaineers,2019,4,4,11,227,333,3.0,9,3.0,5,7,0.36363636363636365,-9.636363636363637,0.3333333333333333,0.6,-106,0.4821572367026912
West Virginia Mountaineers,2020,4,4,8,185,174,4.0,8,1.0,3,4,0.5,1.375,0.5,0.3333333333333333,11,0.45688131313131314
West Virginia Mountaineers,2021,4,5,12,262,310,4.0,9,3.0,6,7,0.4166666666666667,-4.0,0.4444444444444444,0.5,-48,0.5373640248640249
West Virginia Mountaineers,2022,4,4,11,302,388,3.0,9,3.0,4,7,0.36363636363636365,-7.818181818181818,0.3333333333333333,0.75,-86,0.5049546413182777
West Virginia Mountaineers,2023,4,8,12,353,323,6.0,9,3.0,4,4,0.6666666666666666,2.5,0.6666666666666666,0.75,30,0.4324009324009324
West Virginia Mountaineers,2024,4,5,12,330,401,5.0,9,3.0,5,7,0.4166666666666667,-5.916666666666667,0.5555555555555556,0.6,-71,0.5141025641025642
West Virginia Mountaineers,2025,4,3,11,216,367,2.0,9,2.0,5,8,0.2727272727272727,-13.727272727272727,0.2222222222222222,0.4,-151,0.6067387158296249
Western Michigan Broncos,2015,15,6,11,371,317,6.0,8,2.0,2,5,0.5454545454545454,4.909090909090909,0.75,1.0,54,0.5503481367117731
Western Michigan Broncos,2016,15,12,13,512,256,9.0,9,2.0,2,1,0.9230769230769231,19.692307692307693,1.0,1.0,256,0.41164988857296547
Western Michigan Broncos,2017,15,5,11,358,334,4.0,8,2.0,5,6,0.45454545454545453,2.1818181818181817,0.5,0.4,24,0.48477784841421206
Western Michigan Broncos,2018,15,6,11,330,400,5.0,8,4.0,5,5,0.5454545454545454,-6.363636363636363,0.625,0.8,-70,0.4698347107438016
Western Michigan Broncos,2019,15,6,11,362,301,5.0,8,2.0,5,5,0.5454545454545454,5.545454545454546,0.625,0.4,61,0.4254043935862118
Western Michigan Broncos,2020,15,4,6,250,205,4.0,6,2.0,3,2,0.6666666666666666,7.5,0.6666666666666666,0.6666666666666666,45,0.4236111111111111
Western Michigan Broncos,2021,15,7,12,394,367,4.0,8,3.0,4,5,0.5833333333333334,2.25,0.5,0.75,27,0.4896654271654272
Western Michigan Broncos,2022,15,4,11,184,282,4.0,8,4.0,6,7,0.36363636363636365,-8.909090909090908,0.5,0.6666666666666666,-98,0.47561983471074376
Western Michigan Broncos,2023,15,3,11,249,364,3.0,8,0.0,1,8,0.2727272727272727,-10.454545454545455,0.375,0.0,-115,0.5357339630066903
Western Michigan Broncos,2024,15,5,12,317,376,5.0,8,2.0,5,7,0.4166666666666667,-4.916666666666667,0.625,0.4,-59,0.42697811447811446
Western Michigan Broncos,2025,15,8,12,260,223,8.0,9,3.0,4,4,0.6666666666666666,3.0833333333333335,0.8888888888888888,0.75,37,0.43885003885003887
Wisconsin Badgers,2015,5,10,13,348,178,6.0,8,3.0,5,3,0.7692307692307693,13.076923076923077,0.75,0.6,170,0.4199300699300699
Wisconsin Badgers,2016,5,11,14,397,218,7.0,10,3.0,6,3,0.7857142857142857,12.785714285714286,0.7,0.5,179,0.5349797028368457
Wisconsin Badgers,2017,5,11,12,402,175,9.0,10,0.0,1,1,0.9166666666666666,18.916666666666668,0.9,0.0,227,0.4889763014763015
Wisconsin Badgers,2018,5,7,11,331,267,5.0,9,1.0,1,4,0.6363636363636364,5.818181818181818,0.5555555555555556,1.0,64,0.4582362082362082
Wisconsin Badgers,2019,5,10,14,477,237,7.0,10,1.0,3,4,0.7142857142857143,17.142857142857142,0.7,0.3333333333333333,240,0.571961371961372
Wisconsin Badgers,2020,5,4,7,176,122,3.0,6,1.0,1,3,0.5714285714285714,7.714285714285714,0.5,1.0,54,0.5235260770975056
Wisconsin Badgers,2021,5,8,11,297,155,6.0,9,2.0,3,3,0.7272727272727273,12.909090909090908,0.6666666666666666,0.6666666666666666,142,0.5203947567583932
Wisconsin Badgers,2022,5,5,11,238,256,4.0,9,2.0,5,6,0.45454545454545453,-1.6363636363636365,0.4444444444444444,0.4,-18,0.5
Wisconsin Badgers,2023,5,7,13,305,262,5.0,9,2.0,4,6,0.5384615384615384,3.3076923076923075,0.5555555555555556,0.5,43,0.47110069417761724
Wisconsin Badgers,2024,5,4,11,244,264,3.0,9,0.0,1,7,0.36363636363636365,-1.8181818181818181,0.3333333333333333,0.0,-20,0.5290951472769655
Wisconsin Badgers,2025,5,3,11,112,249,2.0,9,1.0,1,8,0.2727272727272727,-12.454545454545455,0.2222222222222222,1.0,-137,0.6752262888626525
Wyoming Cowboys,2015,17,2,11,215,384,2.0,8,2.0,2,9,0.18181818181818182,-15.363636363636363,0.25,1.0,-169,0.5232358550540369
Wyoming Cowboys,2016,17,7,12,437,431,6.0,9,3.0,6,5,0.5833333333333334,0.5,0.6666666666666666,0.5,6,0.5521853146853147
Wyoming Cowboys,2017,17,7,12,278,228,5.0,8,3.0,5,5,0.5833333333333334,4.166666666666667,0.625,0.6,50,0.40795778295778296
Wyoming Cowboys,2018,17,4,10,202,243,4.0,8,0.0,1,6,0.4,-4.1,0.5,0.0,-41,0.5385547785547786
Wyoming Cowboys,2019,17,7,12,309,215,4.0,8,1.0,5,5,0.5833333333333334,7.833333333333333,0.5,0.2,94,0.44974747474747473
Wyoming Cowboys,2020,17,2,6,159,126,2.0,6,0.0,2,4,0.3333333333333333,5.5,0.3333333333333333,0.0,33,0.4503968253968254
Wyoming Cowboys,2021,17,5,11,287,270,2.0,8,1.0,2,6,0.45454545454545453,1.5454545454545454,0.25,0.5,17,0.4765981493254221
Wyoming Cowboys,2022,17,6,11,219,263,5.0,8,4.0,6,5,0.5454545454545454,-4.0,0.625,0.6666666666666666,-44,0.49421487603305786
Wyoming Cowboys,2023,17,8,12,298,273,5.0,8,4.0,5,4,0.6666666666666666,2.0833333333333335,0.625,0.8,25,0.5131211381211381
Wyoming Cowboys,2024,17,3,11,219,323,2.0,7,2.0,5,8,0.2727272727272727,-9.454545454545455,0.2857142857142857,0.4,-104,0.5166712075802985
Wyoming Cowboys,2025,17,3,11,161,239,2.0,8,1.0,3,8,0.2727272727272727,-7.090909090909091,0.25,0.3333333333333333,-78,0.43728191000918276
